Company name,ASX code,GICS industry group
"3D GLOBAL LIMITED",TBL,"Software & Services"
"A.B.C. LEARNING CENTRES LIMITED",ABS,"Commercial Services & Supplies"
"A.G.D. MINING LIMITED",AGZ,"Materials"
"A.I. LIMITED",AIE,"Capital Goods"
"AAV LIMITED",AVV,"Media"
"ABACUS PROPERTY GROUP",ABP,"Real Estate"
"ABB GRAIN LIMITED",ABB,"Food & Staples Retailing"
"ABBEY NATIONAL TREASURY SERVICES PLC",ATS,"GICS Sector Code Not Applicable"
"ABELLE LIMITED",ABX,"Materials"
"ABERDEEN LEADERS LIMITED",ALR,"Diversified Financials"
"ABIGROUP LIMITED",ABG,"Capital Goods"
"ABSOLUTE RETURN FUND (THE)",AAB,"GICS Sector Code Not Applicable"
"ACCESS FUNDS - WHTM CAPITAL MANAGEMENT LTD",AXS,"GICS Sector Code Not Applicable"
"ACCLAIM EXPLORATION NL",AEX,"Materials"
"ACMA ENGINEERING & CONSTRUCTION GROUP LIMITED",ACX,"Capital Goods"
"ACUMEN CAPITAL PROPERTY SECURITIES FUND",ACF,"Real Estate"
"ADACEL TECHNOLOGIES LIMITED",ADA,"Software & Services"
"ADAMUS RESOURCES LIMITED",ADU,"Materials"
"ADCORP AUSTRALIA LIMITED",AAU,"Media"
"ADELAIDE BANK LIMITED",ADB,"Banks"
"ADELAIDE BRIGHTON LIMITED",ABC,"Materials"
"ADELAIDE RESOURCES LIMITED",ADN,"Materials"
"ADEX HOLDINGS LIMITED",AXH,"Materials"
"ADMEREX LIMITED",ADL,"Software & Services"
"ADSTEAM MARINE LIMITED",ADZ,"Transportation"
"ADTRANS GROUP LIMITED",ADG,"Retailing"
"ADULTSHOP.COM LIMITED",ASC,"Retailing"
"ADV GROUP LIMITED",ADS,"Media"
"ADVANCED ENERGY SYSTEMS LIMITED",AES,"Utilities"
"ADVANCED ENGINE COMPONENTS LIMITED",ACE,"Automobile & Components"
"ADVANTAGE TELECOMMUNICATIONS LIMITED",ATC,"Telecommunication Services"
"ADVENT LIMITED",ADT,"Commercial Services & Supplies"
"AERIS TECHNOLOGIES LTD",AEI,"Capital Goods"
"AFMINEX LIMITED",AFM,"Materials"
"AFT CORPORATION LIMITED",AFT,"Health Care Equipment & Services"
"AGENIX LIMITED",AGX,"Pharmaceuticals & Biotechnology"
"AGRO HOLDINGS LIMITED",AHH,"Retailing"
"AGT BIOSCIENCES LTD",AGT,"Pharmaceuticals & Biotechnology"
"AHC LIMITED",AHC,"Real Estate"
"AIM RESOURCES LIMITED",AIM,"Materials"
"AINSWORTH GAME TECHNOLOGY LIMITED",AGI,"Hotels Restaurants & Leisure"
"AIR NEW ZEALAND LIMITED",AIZ,"Transportation"
"AIRCRUISING AUSTRALIA LIMITED",AIG,"Hotels Restaurants & Leisure"
"AIS CORPORATION LIMITED",AIS,"Automobile & Components"
"AJ LUCAS GROUP LIMITED",AJL,"Capital Goods"
"AKD LIMITED",AKD,"Materials"
"ALAMAIN INVESTMENTS LIMITED",AMV,"Commercial Services & Supplies"
"ALCASTON MINING NL",AMG,"Materials"
"ALCOA INC.",AAI,"Materials"
"ALESCO CORPORATION LIMITED",ALS,"Capital Goods"
"ALEXANDERS SECURITIES LIMITED",ALE,"Diversified Financials"
"ALINTA LIMITED",ALN,"Utilities"
"ALIQUOT ASSET MANAGEMENT LIMITED",AQT,"Materials"
"ALKANE EXPLORATION LIMITED",ALK,"Materials"
"ALLEGIANCE MINING NL",AGM,"Materials"
"ALLIANCE ENERGY LIMITED",AGS,"Materials"
"ALLIANCE FINANCE CORPORATION LIMITED",AFC,"Diversified Financials"
"ALLSTATE EXPLORATIONS NL",ALX,"Materials"
"ALPHA TECHNOLOGIES CORPORATION LIMITED",ASU,"Technology Hardware & Equipment"
"ALTERA CAPITAL LIMITED",AEA,"Retailing"
"ALTIUM LIMITED",ALU,"Software & Services"
"ALUMINA LIMITED",AWC,"Materials"
"AMADEUS ENERGY LIMITED",AMU,"Energy"
"AMALGAMATED HOLDINGS LIMITED",AHD,"Media"
"AMBITION GROUP LIMITED (THE)",AMB,"Commercial Services & Supplies"
"AMBRI LIMITED",ABI,"Pharmaceuticals & Biotechnology"
"AMCIL LIMITED",AMH,"Diversified Financials"
"AMCOM TELECOMMUNICATIONS LIMITED",AMM,"Telecommunication Services"
"AMCOR INVESTMENTS (NEW ZEALAND) LIMITED",AMZ,"GICS Sector Code Not Applicable"
"AMCOR LIMITED",AMC,"Materials"
"AMITY OIL LIMITED",AYO,"Energy"
"AMLINK GROUP LIMITED",ANK,"Software & Services"
"AMMTEC LIMITED",AEC,"Materials"
"AMNET LIMITED",ATT,"Software & Services"
"AMP GROUP FINANCE SERVICES LIMITED",AMQ,"GICS Sector Code Not Applicable"
"AMP INDUSTRIAL TRUST",AIP,"Real Estate"
"AMP LIMITED",AMP,"Insurance"
"AMP RESET PREFERRED SECURITIES TRUST",AMK,"GICS Sector Code Not Applicable"
"AMRAD CORPORATION LIMITED",AML,"Pharmaceuticals & Biotechnology"
"AMSKAN LIMITED",ASK,"Software & Services"
"ANACONDA NICKEL LIMITED",ANL,"Materials"
"ANADIS LIMITED",ANX,"Pharmaceuticals & Biotechnology"
"ANALYTICA LIMITED",ALT,"Pharmaceuticals & Biotechnology"
"ANEKA TAMBANG (PERSERO) TBK (PT)",ATM,"Materials"
"ANGLO AUSTRALIAN RESOURCES NL",AAR,"Materials"
"ANGLO PACIFIC GROUP PLC",AGP,"Materials"
"ANGLOGOLD LIMITED.",AGG,"Materials"
"ANGUS & COOTE (HOLDINGS) LIMITED",ANC,"Retailing"
"ANSELL LIMITED",ANN,"Health Care Equipment & Services"
"ANTAEUS ENERGY LIMITED",AEL,"Materials"
"ANTISENSE THERAPEUTICS LIMITED",ANP,"Pharmaceuticals & Biotechnology"
"ANVIL MINING NL",AVL,"Materials"
"ANZOIL NL",AZL,"Energy"
"AP EAGERS LIMITED",APE,"Retailing"
"APEX MINERALS NL",AXM,"Materials"
"APN NEWS & MEDIA LIMITED",APN,"Media"
"APOLLO GOLD MINING LIMITED",AOO,"Materials"
"AQUACAROTENE LIMITED",AQL,"Health Care Equipment & Services"
"AQUARIUS PLATINUM LIMITED",AQP,"Materials"
"AQUILA RESOURCES LIMITED",AQA,"Materials"
"ARAFURA RESOURCES NL",ARU,"Classification Pending"
"ARB CORPORATION LIMITED",ARP,"Retailing"
"ARC ENERGY NL",ARQ,"Energy"
"ARGO INVESTMENTS LIMITED",ARG,"Diversified Financials"
"ARGONAUT RESOURCES NL",ARE,"Materials"
"ARGOSY MINERALS INC",AGY,"Materials"
"ARIADNE AUSTRALIA LIMITED",ARA,"Real Estate"
"ARISTOCRAT LEISURE LIMITED",ALL,"Hotels Restaurants & Leisure"
"ARMSTRONG JONES OFFICE FUND",AJO,"Real Estate"
"ARROW ENERGY NL",AOE,"Energy"
"ARROW PHARMACEUTICALS LIMITED",AWP,"Pharmaceuticals & Biotechnology"
"ASG GROUP LIMITED",ASZ,"Software & Services"
"ASHBURTON MINERALS LIMITED",ATN,"Materials"
"ASIA MULTI-FOODS & OILS (AUSTRALIA) LIMITED",AMF,"Food Beverage & Tobacco"
"ASIAN DEVELOPMENT BANK",ATB,"GICS Sector Code Not Applicable"
"ASIF I",ASI,"GICS Sector Code Not Applicable"
"ASPEN GROUP",APZ,"Real Estate"
"ASPERMONT LIMITED.",ASP,"Media"
"ASSET BACKED HOLDINGS LIMITED",ABK,"Diversified Financials"
"ASTRO MINING NL",ARO,"Materials"
"ASTRON LIMITED",ATR,"Materials"
"ATECH HOLDINGS LIMITED",ATH,"Hotels Restaurants & Leisure"
"ATLANTIC LIMITED",ATI,"Food Beverage & Tobacco"
"ATLAS GROUP HOLDINGS LIMITED",AHS,"Capital Goods"
"ATLAS PACIFIC LIMITED",ATP,"Consumer Durables & Apparel"
"AUCKLAND INTERNATIONAL AIRPORT LIMITED",AIA,"Transportation"
"AUDAX RESOURCES LIMITED",ADX,"Materials"
"AUIRON ENERGY LIMITED",AUY,"Materials"
"AUREX CONSOLIDATED LIMITED",AXL,"Software & Services"
"AURIDIAM LIMITED",ADM,"Materials"
"AUSDRILL LIMITED",ASL,"Materials"
"AUSMELT LIMITED",AET,"Capital Goods"
"AUSPINE LIMITED",ANE,"Materials"
"AUSTAL LIMITED",ASB,"Capital Goods"
"AUSTAR UNITED COMMUNICATIONS LIMITED",AUN,"Media"
"AUSTEREO GROUP LIMITED",AEO,"Media"
"AUSTIN GROUP LIMITED",ATG,"Retailing"
"AUSTINDO RESOURCES CORPORATION NL",ARX,"Materials"
"AUSTMINEX NL",ATX,"Materials"
"AUSTPAC RESOURCES NL",APG,"Materials"
"AUSTRAL COAL LIMITED",AUO,"Materials"
"AUSTRALAND HOLDINGS LIMITED",ALZ,"Real Estate"
"AUSTRALIA AND NEW ZEALAND BANKING GROUP LIMITED",ANZ,"Banks"
"AUSTRALIAN AGRICULTURAL COMPANY LIMITED.",AAC,"Food Beverage & Tobacco"
"AUSTRALIAN CANCER TECHNOLOGY LIMITED",ACU,"Pharmaceuticals & Biotechnology"
"AUSTRALIAN CENTRAL CREDIT UNION LIMITED",ACD,"GICS Sector Code Not Applicable"
"AUSTRALIAN COMMONWEALTH GOVERNMENT LOANS",XCL,"GICS Sector Code Not Applicable"
"AUSTRALIAN DEVELOPMENT CAPITAL FUND",ADV,"Diversified Financials"
"AUSTRALIAN ENERGY LIMITED",AEN,"Utilities"
"AUSTRALIAN ETHICAL INVESTMENT LIMITED",AEF,"GICS Sector Code Not Applicable"
"AUSTRALIAN FOOD & FIBRE LIMITED",AFF,"Food Beverage & Tobacco"
"AUSTRALIAN FOUNDATION INVESTMENT COMPANY LIMITED",AFI,"Diversified Financials"
"AUSTRALIAN GAS LIGHT COMPANY (THE)",AGL,"Utilities"
"AUSTRALIAN GROWTH LIMITED",AGW,"Materials"
"AUSTRALIAN GROWTH PROPERTIES LIMITED",AGH,"Real Estate"
"AUSTRALIAN HEALTHCARE TECHNOLOGY LTD",AUH,"Health Care Equipment & Services"
"AUSTRALIAN HERITAGE GROUP LIMITED",AHT,"Diversified Financials"
"AUSTRALIAN HOTEL FUND",AHO,"Real Estate"
"AUSTRALIAN INFRASTRUCTURE FUND",AIX,"Transportation"
"AUSTRALIAN INNOVATION LIMITED.",AIL,"Diversified Financials"
"AUSTRALIAN MAGNESIUM CORPORATION LIMITED",ANM,"Materials"
"AUSTRALIAN MINES LIMITED",AUZ,"Materials"
"AUSTRALIAN MINING INVESTMENTS LIMITED",AUM,"Materials"
"AUSTRALIAN PHARMACEUTICAL INDUSTRIES LIMITED",API,"Pharmaceuticals & Biotechnology"
"AUSTRALIAN PIPELINE TRUST",APA,"Utilities"
"AUSTRALIAN PLANTATION TIMBER LIMITED",APL,"Materials"
"AUSTRALIAN PURE FRUITS LIMITED",AFL,"Food Beverage & Tobacco"
"AUSTRALIAN RURAL GROUP LIMITED",ASR,"Diversified Financials"
"AUSTRALIAN SILICON LIMITED",ASO,"Materials"
"AUSTRALIAN STOCK EXCHANGE LIMITED",ASX,"Diversified Financials"
"AUSTRALIAN UNITED GOLD LIMITED",AUL,"Materials"
"AUSTRALIAN UNITED INVESTMENT COMPANY LIMITED",AUI,"Diversified Financials"
"AUSTRALIAN VALUE FUNDS MANAGEMENT LIMITED",AVF,"Food Beverage & Tobacco"
"AUSTRALIAN VISUAL COMMUNICATIONS LIMITED",AVC,"Technology Hardware & Equipment"
"AUSTRALIAN WINE HOLDINGS LIMITED",AWL,"Food Beverage & Tobacco"
"AUSTRALIAN WORLDWIDE EXPLORATION LIMITED",AWE,"Energy"
"AUSTRIM NATIONAL RADIATORS LIMITED",ANT,"GICS Sector Code Not Applicable"
"AUSTRIM NYLEX LIMITED",ARL,"Capital Goods"
"AUTO ENTERPRISES LIMITED",ATL,"Commercial Services & Supplies"
"AUTO GROUP LIMITED",ALO,"Retailing"
"AUTRON CORPORATION LIMITED",AAT,"Technology Hardware & Equipment"
"AVATAR INDUSTRIES LIMITED",AVR,"Consumer Durables & Apparel"
"AVIVA CORPORATION LIMITED",AVA,"Materials"
"AVJENNINGS HOMES LIMITED",AVJ,"Real Estate"
"AVOCA RESOURCES LIMITED",AVO,"Materials"
"AVON RESOURCES LTD",AVN,"Materials"
"AVT HOLDINGS LIMITED",AVT,"Pharmaceuticals & Biotechnology"
"AWB LIMITED",AWB,"Food & Staples Retailing"
"AWX CAPITAL LIMITED",AWX,"Diversified Financials"
"AXA ASIA PACIFIC HOLDINGS LIMITED",AXA,"Insurance"
"AXIOM PROPERTIES LIMITED",AXI,"Real Estate"
"AXON INSTRUMENTS INC",AXN,"Health Care Equipment & Services"
"AZTEC RESOURCES LIMITED",AZR,"Materials"
"B DIGITAL LIMITED",BBB,"Telecommunication Services"
"BALLARAT GOLDFIELDS NL",BGF,"Materials"
"BAMBUU LIMITED",BUU,"Software & Services"
"BANK NEDERLANDSE GEMEENTEN",BNG,"GICS Sector Code Not Applicable"
"BANK OF QUEENSLAND LIMITED.",BOQ,"Banks"
"BANK OF WESTERN AUSTRALIA LIMITED",BWA,"Banks"
"BANQUE-TEC LIMITED",BQT,"Technology Hardware & Equipment"
"BARRA RESOURCES LIMITED",BAR,"Materials"
"BASS STRAIT OIL TRUST",BSO,"Energy"
"BATAVIA MINING LIMITED",BTV,"Materials"
"BAXTER GROUP LIMITED",BAX,"Commercial Services & Supplies"
"BAYCORP ADVANTAGE LIMITED",BCA,"Software & Services"
"BAYERISCHE HYPO-UND VEREINSBANK",BHV,"GICS Sector Code Not Applicable"
"BAYERISCHE MOTOREN WERKE AKTIENGESELLSCHAFT",BMW,"GICS Sector Code Not Applicable"
"BEACH PETROLEUM LIMITED",BPT,"Energy"
"BEACONSFIELD GOLD NL",BCD,"Materials"
"BECKER GROUP LIMITED",BKR,"Media"
"BELMONT HOLDINGS LIMITED",BET,"Diversified Financials"
"BEMAX RESOURCES NL",BMX,"Materials"
"BENDIGO BANK LIMITED",BEN,"Banks"
"BENDIGO MINING NL",BDG,"Materials"
"BENITEC LIMITED",BLT,"Pharmaceuticals & Biotechnology"
"BENTLEY EQUITIES LIMITED",BEL,"Diversified Financials"
"BENWOOD PROPERTY TRUST (THE)",BNW,"Real Estate"
"BERKELEY RESOURCES LIMITED",BKY,"Materials"
"BERKLEE LIMITED",BER,"Automobile & Components"
"BESTON WINE INDUSTRY TRUST (THE)",BWI,"Food Beverage & Tobacco"
"BETCORP LIMITED",BCL,"Hotels Restaurants & Leisure"
"BEYOND INTERNATIONAL LIMITED",BYI,"Media"
"BHP BILLITON FINANCE LIMITED",BHF,"GICS Sector Code Not Applicable"
"BHP BILLITON LIMITED",BHP,"Materials"
"BHP STEEL LIMITED",BSL,"Materials"
"BIDVEST PLC",BHL,"Food & Staples Retailing"
"BIG KEV'S LIMITED",BKV,"Household & Personal Products"
"BILLABONG INTERNATIONAL LIMITED",BBG,"Consumer Durables & Apparel"
"BIONOMICS LIMITED",BNO,"Pharmaceuticals & Biotechnology"
"BIOPROSPECT LIMITED",BPO,"Pharmaceuticals & Biotechnology"
"BIOTA HOLDINGS LIMITED",BTA,"Pharmaceuticals & Biotechnology"
"BIOTECH CAPITAL LIMITED",BTC,"Pharmaceuticals & Biotechnology"
"BIOTRON LIMITED",BIT,"Pharmaceuticals & Biotechnology"
"BIRON CAPITAL LIMITED",BIC,"Banks"
"BISAN LIMITED",BSN,"Diversified Financials"
"BLACK RANGE MINERALS LIMITED",BLR,"Materials"
"BLACKMORES LIMITED",BKL,"Health Care Equipment & Services"
"BLAZE INTERNATIONAL LIMITED",BLZ,"Software & Services"
"BLIGH VENTURES LIMITED",BLV,"Telecommunication Services"
"BLINK MODELS LIMITED",BKM,"Consumer Durables & Apparel"
"BMW (UK) CAPITAL PLC",BME,"GICS Sector Code Not Applicable"
"BMW COORDINATION CENTER N.V.",BMK,"GICS Sector Code Not Applicable"
"BMW FINANCE N.V.",BMF,"GICS Sector Code Not Applicable"
"BMW US CAPITAL LLC",BMU,"GICS Sector Code Not Applicable"
"BOLNISI GOLD NL",BSG,"Materials"
"BONLAC FOODS LIMITED",BFL,"GICS Sector Code Not Applicable"
"BOOM LOGISTICS LIMITED",BOL,"Classification Pending"
"BORAL LIMITED.",BLD,"Materials"
"BOUGAINVILLE COPPER LIMITED",BOC,"Materials"
"BOULDER STEEL LIMITED",BGD,"Materials"
"BOUNTY OIL & GAS NL",BUY,"Energy"
"BRAIN RESOURCE COMPANY LIMITED (THE)",BRC,"Health Care Equipment & Services"
"BRAMBLES INDUSTRIES LIMITED",BIL,"Commercial Services & Supplies"
"BRANDRILL LIMITED",BDL,"Capital Goods"
"BRAZIN LIMITED",BRZ,"Retailing"
"BREAKAWAY RESOURCES LIMITED",BRW,"Materials"
"BREAKFREE LIMITED",BRK,"Hotels Restaurants & Leisure"
"BREATHE GROUP LIMITED",BRE,"Telecommunication Services"
"BRESAGEN LIMITED",BGN,"Pharmaceuticals & Biotechnology"
"BRICKWORKS LIMITED",BKW,"Materials"
"BRIDGESTONE AUSTRALIA LIMITED",BDS,"Automobile & Components"
"BRISBANE BRONCOS LIMITED",BBL,"Consumer Durables & Apparel"
"BRISBANE CITY COUNCIL",XQB,"GICS Sector Code Not Applicable"
"BRISTILE LTD",BRS,"Materials"
"BRITANNIA BUILDING SOCIETY",BBS,"GICS Sector Code Not Applicable"
"BROADCAST SERVICES AUSTRALIA LIMITED",BSA,"Commercial Services & Supplies"
"BROADTEL COMMUNICATIONS LIMITED",BRO,"Telecommunication Services"
"BUDERIM GINGER LIMITED",BUG,"Food Beverage & Tobacco"
"BUKA MINERALS LIMITED",BKA,"Materials"
"BULLION MINERALS LIMITED",BLN,"Materials"
"BUNNINGS WAREHOUSE PROPERTY TRUST",BWP,"Real Estate"
"BURDEKIN PACIFIC LIMITED",BKS,"Materials"
"BURNS, PHILP & COMPANY LIMITED",BPC,"Food Beverage & Tobacco"
"BURSWOOD LIMITED",BIR,"Hotels Restaurants & Leisure"
"BYTE POWER GROUP LIMITED",BPG,"Capital Goods"
"CABCHARGE AUSTRALIA LIMITED",CAB,"Commercial Services & Supplies"
"CALTEX AUSTRALIA LIMITED",CTX,"Energy"
"CAMPBELL BROTHERS LIMITED",CPB,"Materials"
"CANADA LAND LIMITED",CDL,"Real Estate"
"CANBERRA INVESTMENT CORPORATION LIMITED",CNB,"Real Estate"
"CANBET LIMITED",CBT,"Hotels Restaurants & Leisure"
"CANDLE AUSTRALIA LIMITED",CND,"Commercial Services & Supplies"
"CANNING ENERGY LIMITED",CNE,"Diversified Financials"
"CAPE RANGE WIRELESS LIMITED",CAG,"Telecommunication Services"
"CAPRAL ALUMINIUM LIMITED",CAA,"Materials"
"CARBON MINERALS NL",CRM,"Energy"
"CARDIA TECHNOLOGIES LIMITED",CNN,"Capital Goods"
"CARINDALE PROPERTY TRUST",CDP,"Real Estate"
"CARLTON INVESTMENTS LIMITED",CIN,"Diversified Financials"
"CARNARVON PETROLEUM LIMITED",CVN,"Energy"
"CARNEGIE CORPORATION LIMITED",CNM,"Materials"
"CARPATHIAN RESOURCES LIMITED",CPN,"Energy"
"CARPENTER PACIFIC RESOURCES NL",CPC,"Materials"
"CARTER HOLT HARVEY LIMITED",CHY,"Materials"
"CASH CONVERTERS INTERNATIONAL",CCV,"Retailing"
"CASINOS AUSTRIA INTERNATIONAL LIMITED",CAI,"Hotels Restaurants & Leisure"
"CATALYST RECRUITMENT SYSTEMS LIMITED",CRU,"Commercial Services & Supplies"
"CATUITY INC",CAT,"Software & Services"
"CBD ENERGY LIMITED",CBD,"Software & Services"
"CBD RETAIL INFRASTRUCTURE (NO.2) LIMITED",CBE,"GICS Sector Code Not Applicable"
"CCI HOLDINGS LIMITED.",CHL,"Materials"
"CCK FINANCIAL SOLUTIONS LIMITED",CCK,"Software & Services"
"CDK TECTONICS LIMITED",CDK,"Capital Goods"
"CDS TECHNOLOGIES LIMITED",CDX,"Capital Goods"
"CED AUSTRALASIA LIMITED",CED,"Commercial Services & Supplies"
"CEDAR WOODS PROPERTIES LIMITED",CWP,"Real Estate"
"CELLESTIS LIMITED",CST,"Pharmaceuticals & Biotechnology"
"CELLNET GROUP LIMITED",CLT,"Technology Hardware & Equipment"
"CENTAMIN EGYPT LIMITED",CNT,"Materials"
"CENTAURI CORPORATION",CET,"GICS Sector Code Not Applicable"
"CENTENNIAL COAL COMPANY LIMITED",CEY,"Materials"
"CENTRAL ASIA GOLD LIMITED",CGX,"Materials"
"CENTRAL EQUITY LIMITED",CEQ,"Real Estate"
"CENTRAL EXCHANGE LIMITED",CXL,"Telecommunication Services"
"CENTRAL KALGOORLIE GOLD MINES LIMITED",CKG,"Materials"
"CENTRAL WEST GOLD NL",CWG,"Materials"
"CENTRO PROPERTIES GROUP",CEP,"Real Estate"
"CERVANTES SEAFOOD LIMITED",CVS,"Food Beverage & Tobacco"
"CFS GANDEL RETAIL TRUST",GAN,"Real Estate"
"CHALLENGER FINANCIAL SERVICES GROUP",CFG,"Diversified Financials"
"CHALMERS LIMITED",CHR,"Transportation"
"CHAMELEON MINING NL",CHM,"Materials"
"CHAPMANS LIMITED",CHP,"Diversified Financials"
"CHARIOT LIMITED",CTI,"Software & Services"
"CHARTER PACIFIC CORPORATION LIMITED",CHF,"Capital Goods"
"CHARTERS TOWERS GOLD MINES LIMITED",CTO,"Materials"
"CHEMEQ LIMITED",CMQ,"Pharmaceuticals & Biotechnology"
"CHESTER MINING LIMITED",CHT,"Materials"
"CHIEFTAIN SECURITIES LIMITED",CFS,"Diversified Financials"
"CHILD CARE CENTRES AUSTRALIA LIMITED",CDC,"Commercial Services & Supplies"
"CHINA CONSTRUCTION HOLDINGS LIMITED",CIH,"Capital Goods"
"CHINA CONVERGENT CORPORATION LIMITED",CBC,"Capital Goods"
"CHINA WEST INTERNATIONAL HOLDINGS LIMITED",CWH,"Materials"
"CHIQUITA BRANDS SOUTH PACIFIC LIMITED",CHQ,"Food Beverage & Tobacco"
"CHOISEUL INVESTMENTS LIMITED",CHO,"Diversified Financials"
"CHONGHERR INVESTMENTS LTD",CDH,"Materials"
"CIRCADIAN TECHNOLOGIES LIMITED",CIR,"Pharmaceuticals & Biotechnology"
"CIRCLECOM LIMITED",CCO,"Telecommunication Services"
"CITADEL POOLED DEVELOPMENT LIMITED",CID,"Diversified Financials"
"CITECT CORPORATION LIMITED",CTL,"Software & Services"
"CITIC AUSTRALIA TRADING LIMITED",CAL,"Capital Goods"
"CITY PACIFIC LIMITED",CIY,"Diversified Financials"
"CITYVIEW CORPORATION LIMITED",CVI,"Energy"
"CLEARVIEW CAPITAL LIMITED",CVL,"Software & Services"
"CLEARWATER GROUP LIMITED",CLE,"Real Estate"
"CLIMAX MINING LIMITED",CMX,"Materials"
"CLINICAL CELL CULTURE LIMITED",CCE,"Pharmaceuticals & Biotechnology"
"CLOUGH LIMITED",CLO,"Capital Goods"
"CLOVER CORPORATION LIMITED",CLV,"Health Care Equipment & Services"
"CLUB CROCODILE HOLDINGS LIMITED",CCH,"Hotels Restaurants & Leisure"
"CLUFF RESOURCES PACIFIC NL",CFR,"Materials"
"CMC POWER SYSTEMS LIMITED",CSY,"Automobile & Components"
"CMI LIMITED.",CMI,"Capital Goods"
"COAL & ALLIED INDUSTRIES LIMITED",CNA,"Materials"
"COATES HIRE LIMITED",COA,"Commercial Services & Supplies"
"COCA-COLA AMATIL LIMITED",CCL,"Food Beverage & Tobacco"
"COCA-COLA HELLENIC BOTTLING COMPANY S.A.",CHB,"Food Beverage & Tobacco"
"COCHLEAR LIMITED",COH,"Health Care Equipment & Services"
"COCKATOO RIDGE WINES LIMITED",CKR,"Food Beverage & Tobacco"
"COFFEY INTERNATIONAL LIMITED",COF,"Commercial Services & Supplies"
"COLES MYER LTD.",CML,"Food & Staples Retailing"
"COLLECTION HOUSE LIMITED",CLH,"Commercial Services & Supplies"
"COLONIAL FIRST STATE PRIVATE CAPITAL LIMITED",CFI,"Diversified Financials"
"COLORADO GROUP LIMITED",CDO,"Retailing"
"COMDEK LIMITED.",CDS,"Classification Pending"
"COMET RESOURCES LIMITED",CRL,"Materials"
"COMMANDER COMMUNICATIONS LIMITED",CDR,"Technology Hardware & Equipment"
"COMMONWEALTH BANK OF AUSTRALIA.",CBA,"Banks"
"COMMONWEALTH DIVERSIFIED SHARE FUND",CDF,"Diversified Financials"
"COMMONWEALTH PROPERTY OFFICE FUND",CPA,"Real Estate"
"COMMSECURE LIMITED",CMS,"Software & Services"
"COMMSOFT GROUP LIMITED",CSG,"Software & Services"
"COMOPS LIMITED",COM,"Software & Services"
"COMPASS RESOURCES NL",CMR,"Materials"
"COMPUMEDICS LIMITED",CMP,"Health Care Equipment & Services"
"COMPUTERSHARE LIMITED.",CPU,"Software & Services"
"COMPUTRONICS HOLDINGS LIMITED",CPS,"Capital Goods"
"CONCEPT SYSTEMS INTERNATIONAL LIMITED",CSI,"Software & Services"
"CONNECT GROUP LIMITED",CGR,"Classification Pending"
"CONQUEST MINING LIMITED",CQT,"Materials"
"CONSOLIDATED BROKEN HILL LTD",CBH,"Materials"
"CONSOLIDATED MINERALS LIMITED",CSM,"Materials"
"CONSOLIDATED RUTILE LIMITED",CRT,"Materials"
"CONSTELLATION BRANDS, INC",CBR,"Food Beverage & Tobacco"
"CONTINENTAL GOLDFIELDS LIMITED",CNF,"Materials"
"COOL OR COSY LIMITED",COS,"Capital Goods"
"COONAWARRA AUSTRALIA PROPERTY TRUST",CNR,"Real Estate"
"COOPER ENERGY NL",COE,"Energy"
"CORDUKES LIMITED",CKS,"Capital Goods"
"CORPORATE EXPRESS AUSTRALIA LIMITED",CXP,"Commercial Services & Supplies"
"COSMOS LIMITED",COO,"Software & Services"
"COUNT FINANCIAL LIMITED",COU,"Diversified Financials"
"COUNTRY ROAD LIMITED",CTY,"Retailing"
"COUNTY DIAMONDS LIMITED",CYD,"Materials"
"COVENTRY GROUP LIMITED",CYG,"Automobile & Components"
"CP1 LIMITED",CPK,"Real Estate"
"CPI GROUP LIMITED",CPI,"Materials"
"CPT GLOBAL LIMITED",CGO,"Software & Services"
"CRANE GROUP LIMITED",CRG,"Capital Goods"
"CREDIT CORP GROUP LIMITED",CCP,"Commercial Services & Supplies"
"CROESUS MINING NL",CRS,"Materials"
"CROMWELL CORPORATION LIMITED",CMW,"Real Estate"
"CROWN DIAMONDS NL",CRD,"Materials"
"CROWN LIMITED",CRO,"GICS Sector Code Not Applicable"
"CRYOSITE LIMITED",CTE,"Pharmaceuticals & Biotechnology"
"CSL LIMITED",CSL,"Pharmaceuticals & Biotechnology"
"CSR LIMITED",CSR,"Materials"
"CTI COMMUNICATIONS LIMITED",CTC,"Telecommunication Services"
"CTI LOGISTICS LIMITED",CLX,"Transportation"
"CUE ENERGY RESOURCES LIMITED",CUE,"Energy"
"CULLEN RESOURCES LIMITED",CUL,"Materials"
"CUMNOCK COAL LIMITED",CMK,"Materials"
"CUSTOMERS LIMITED",CUS,"Software & Services"
"CVC LIMITED",CVC,"Diversified Financials"
"CYPRESS LAKES GROUP LIMITED",CLK,"Hotels Restaurants & Leisure"
"D'AGUILAR GOLD LIMITED",DGR,"Materials"
"DAILY PLANET LIMITED (THE)",DPL,"Hotels Restaurants & Leisure"
"DALRYMPLE RESOURCES NL",DRE,"Materials"
"DANAE RESOURCES NL",DNS,"Materials"
"DANKS HOLDINGS LIMITED",DKS,"Retailing"
"DARK BLUE SEA LIMITED",DBS,"Software & Services"
"DATA & COMMERCE LIMITED",DCL,"Media"
"DATA#3 LIMITED",DTL,"Software & Services"
"DATAFAST TELECOMMUNICATIONS LIMITED",DFT,"Telecommunication Services"
"DAVID JONES LIMITED",DJS,"Retailing"
"DCA GROUP LIMITED",DVC,"Health Care Equipment & Services"
"DCS TECHNOLOGIES LIMITED",DCS,"Technology Hardware & Equipment"
"DE GREY MINING LIMITED",DEG,"Materials"
"DEAKIN FINANCIAL SERVICES GROUP LIMITED",DKN,"Diversified Financials"
"DEEP SEA FISHERIES LIMITED",DSF,"Food Beverage & Tobacco"
"DEEP YELLOW LIMITED",DYL,"Materials"
"DEEPGREEN MINERALS CORPORATION LIMITED",DGM,"Materials"
"DENX LIMITED",DNX,"Health Care Equipment & Services"
"DESANE GROUP HOLDINGS LIMITED",DGH,"Real Estate"
"DESTRA CORPORATION LIMITED",DES,"Software & Services"
"DEUTSCHE AUSGLEICHSBANK",DTA,"GICS Sector Code Not Applicable"
"DEUTSCHE BANK AG",DBA,"GICS Sector Code Not Applicable"
"DEUTSCHE DIVERSIFIED TRUST",DDF,"Real Estate"
"DEUTSCHE INDUSTRIAL TRUST",DIT,"Real Estate"
"DEUTSCHE OFFICE TRUST",DOT,"Real Estate"
"DEUTSCHE POSTBANK AG",DSL,"GICS Sector Code Not Applicable"
"DEUTSCHE RETAIL INFRASTRUCTURE TRUST",DRI,"Real Estate"
"DEVINE LIMITED",DVN,"Real Estate"
"DEXIA MUNICIPAL AGENCY",DXA,"GICS Sector Code Not Applicable"
"DIAMOND ROSE NL",DRN,"Materials"
"DIAMOND VENTURES NL",DDV,"Materials"
"DIDASKO LIMITED",DID,"Software & Services"
"DIGITAL NOW INC",DNI,"Technology Hardware & Equipment"
"DIORO EXPLORATION NL",DIO,"Materials"
"DIVERSIFIED UNITED INVESTMENT LIMITED",DUI,"Diversified Financials"
"DJERRIWARRH INVESTMENTS LIMITED",DJW,"Diversified Financials"
"DOLOMATRIX INTERNATIONAL LIMITED",DMX,"Commercial Services & Supplies"
"DOMINION MINING LIMITED",DOM,"Materials"
"DOWNER EDI LIMITED",DOW,"Commercial Services & Supplies"
"DRAGON MINING NL",DRA,"Materials"
"DRILLSEARCH ENERGY LIMITED",DLS,"Energy"
"DROMANA ESTATE LIMITED",DMY,"Food Beverage & Tobacco"
"DSG AUSTRALIA LTD",DSG,"Technology Hardware & Equipment"
"DURBAN ROODEPOORT DEEP, LIMITED",DRD,"Materials"
"DWYKA DIAMONDS LIMITED",DWY,"Materials"
"E-COM MULTI LIMITED",ECE,"Software & Services"
"EAGLE BAY RESOURCES NL",EBR,"Energy"
"EARTH SANCTUARIES LIMITED",ESL,"Hotels Restaurants & Leisure"
"EAST AFRICAN COFFEE PLANTATIONS LIMITED",EAC,"Food Beverage & Tobacco"
"EAST COAST MINERALS NL",ECM,"Materials"
"EASTERN CORPORATION LIMITED",ECU,"Materials"
"EASTERN STAR GAS LIMITED",ESG,"Energy"
"EASTLAND MEDICAL SYSTEMS LTD",EMS,"Health Care Equipment & Services"
"EASYCALL INTERNATIONAL LIMITED",EZY,"Telecommunication Services"
"EBET LIMITED",EBT,"Hotels Restaurants & Leisure"
"ECHO TECHNOLOGIES LIMITED",EHO,"Software & Services"
"ECSI LIMITED",ECS,"Commercial Services & Supplies"
"EGLOBAL INTERNATIONAL LIMITED",EGI,"Software & Services"
"EIFFEL TECHNOLOGIES LIMITED",EIF,"Pharmaceuticals & Biotechnology"
"EKSPORTFINANS ASA",EKS,"GICS Sector Code Not Applicable"
"ELECTRO OPTIC SYSTEMS HOLDINGS LIMITED",EOS,"Capital Goods"
"ELECTROMETALS TECHNOLOGIES LIMITED",EMM,"Capital Goods"
"ELECTRONIC TRANSACTION TECHNOLOGY LIMITED",ETT,"Technology Hardware & Equipment"
"ELKEDRA DIAMONDS NL",EDN,"Materials"
"ELLENDALE RESOURCES NL",ELL,"Materials"
"ELLEX MEDICAL LASERS LIMITED",ELX,"Health Care Equipment & Services"
"EMBELTON LIMITED",EMB,"Capital Goods"
"EMITCH LIMITED",EMI,"Media"
"EMPEROR MINES LIMITED",EMP,"Materials"
"EMPIRE OIL & GAS NL",EGO,"Energy"
"ENERGY DEVELOPMENTS LIMITED",ENE,"Utilities"
"ENERGY RESOURCES OF AUSTRALIA LIMITED",ERA,"Materials"
"ENERGY WORLD CORPORATION LTD",EWC,"Utilities"
"ENTERTAINMENT MEDIA & TELECOMS CORPORATION LIMITED",ETC,"Telecommunication Services"
"ENTERTAINMENT WORLD LIMITED",EWL,"Commercial Services & Supplies"
"ENVESTRA LIMITED",ENV,"Utilities"
"ENVIROMISSION LIMITED",EVM,"Utilities"
"ENVIRONMENTAL GROUP LIMITED (THE)",EGL,"Capital Goods"
"ENVIRONMENTAL INFRASTRUCTURE LIMITED",EIL,"Commercial Services & Supplies"
"ENVIRONMENTAL RECOVERY SERVICES LIMITED",ERS,"Commercial Services & Supplies"
"ENVIRONMENTAL SOLUTIONS INTERNATIONAL LIMITED",ESI,"Commercial Services & Supplies"
"EPITAN LIMITED",EPT,"Pharmaceuticals & Biotechnology"
"EQITX LIMITED",EQX,"Pharmaceuticals & Biotechnology"
"EQUATORIAL MINING LIMITED",EQM,"Materials"
"EQUIGOLD NL",EQI,"Materials"
"EQUINOX RESOURCES LIMITED",EQR,"Materials"
"EQUITILINK ELINK LIMITED",EKL,"Diversified Financials"
"EQUITY 1 RESOURCES NL",EIR,"Materials"
"EQUITY LONG / SHORT STRATEGIES FUND (THE)",ELS,"GICS Sector Code Not Applicable"
"EQUITY TRUSTEES LIMITED",EQT,"Diversified Financials"
"EQUS LIMITED",EQS,"Software & Services"
"ERAWAN COMPANY LIMITED",EWN,"Capital Goods"
"ERG LIMITED",ERG,"Technology Hardware & Equipment"
"EROMANGA HYDROCARBONS NL",ERH,"Energy"
"ESERVGLOBAL LIMITED",ESV,"Software & Services"
"ESPERANCE MINERALS NL",ESM,"Energy"
"ESSENTIAL PETROLEUM RESOURCES LIMITED",EPR,"Energy"
"ESTAR ONLINE TRADING LIMITED",EST,"Diversified Financials"
"ETICK LIMITED",ETK,"Software & Services"
"ETRADE AUSTRALIA LIMITED",ETR,"Diversified Financials"
"EUMUNDI BREWING GROUP LIMITED",EBG,"Food Beverage & Tobacco"
"EURAUST LTD",EUR,"Hotels Restaurants & Leisure"
"EUROGOLD LIMITED",EUG,"Materials"
"EUROZ LIMITED",EZL,"Diversified Financials"
"EVANS & TATE LIMITED",ETW,"Food Beverage & Tobacco"
"EXCO RESOURCES NL",EXS,"Materials"
"EXTRACT RESOURCES LTD",EXT,"Food Beverage & Tobacco"
"EZENET LIMITED",EZE,"Software & Services"
"EZYIMAGE LIMITED",EZI,"Commercial Services & Supplies"
"FAIRFAX (JOHN) HOLDINGS LIMITED",FXJ,"Media"
"FALCON MINERALS LIMITED",FCN,"Materials"
"FANTASTIC HOLDINGS LIMITED",FAN,"Retailing"
"FARM PRIDE FOODS LIMITED",FRM,"Food Beverage & Tobacco"
"FARNELL & THOMAS LIMITED",FRT,"Capital Goods"
"FASHION INTIMATES LIMITED",FIL,"Retailing"
"FAST SCOUT LIMITED",FSL,"Software & Services"
"FEDERATION GROUP LIMITED",FDR,"Capital Goods"
"FFI HOLDINGS LIMITED",FFI,"Food Beverage & Tobacco"
"FIDUCIAN PORTFOLIO SERVICES LIMITED",FPS,"Diversified Financials"
"FINANCIAL RESOURCES LIMITED",FRL,"Diversified Financials"
"FINBAR INTERNATIONAL LIMITED",FRI,"Real Estate"
"FIRST AUSTRALIAN RESOURCES LIMITED",FAR,"Energy"
"FIRST WINE FUND LIMITED",FWF,"GICS Sector Code Not Applicable"
"FISHER & PAYKEL APPLIANCES HOLDINGS LIMITED",FPA,"Consumer Durables & Apparel"
"FISHER & PAYKEL HEALTHCARE CORPORATION LIMITED",FPH,"Health Care Equipment & Services"
"FKP LIMITED",FKP,"Real Estate"
"FLEETWOOD CORPORATION LIMITED",FWD,"Consumer Durables & Apparel"
"FLETCHER BUILDING LIMITED",FBU,"Materials"
"FLETCHER CHALLENGE FORESTS LIMITED",FFS,"Materials"
"FLEXI PROPERTY FUND",FPF,"Real Estate"
"FLIGHT CENTRE LIMITED",FLT,"Hotels Restaurants & Leisure"
"FLINDERS DIAMONDS LIMITED",FDL,"Materials"
"FLOWCOM LIMITED",FLO,"Telecommunication Services"
"FOLKESTONE LIMITED",FLK,"Real Estate"
"FOODLAND ASSOCIATED LIMITED",FOA,"Food & Staples Retailing"
"FOREST ENTERPRISES AUSTRALIA LIMITED",FEA,"Materials"
"FOREST PLACE GROUP LIMITED",FPG,"Real Estate"
"FORTESCUE METAL GROUP LTD",FMG,"Materials"
"FOSTER'S GROUP LIMITED",FGL,"Food Beverage & Tobacco"
"FOX RESOURCES LIMITED",FXR,"Materials"
"FREEDOM GROUP LIMITED",FFL,"Retailing"
"FREIGHT LINKS EXPRESS HOLDINGS (AUSTRALIA) LIMITED",FLE,"Real Estate"
"FSA GROUP LIMITED",FSA,"Diversified Financials"
"FTR HOLDINGS LIMITED",FTR,"Software & Services"
"FUNTASTIC LIMITED",FUN,"Consumer Durables & Apparel"
"FUTURE CORPORATION AUSTRALIA LIMITED",FUT,"Telecommunication Services"
"FUTURIS CORPORATION LIMITED",FCL,"Food Beverage & Tobacco"
"G.U.D. HOLDINGS LIMITED",GUD,"Consumer Durables & Apparel"
"GALE PACIFIC LIMITED",GAP,"Consumer Durables & Apparel"
"GALLERY GLOBAL NETWORKS LIMITED",GBN,"Retailing"
"GALLERY GOLD LIMITED",GGN,"Materials"
"GAMING & ENTERTAINMENT GROUP LIMITED",GAM,"Software & Services"
"GARRATT'S LIMITED",GRT,"Diversified Financials"
"GARRISONS ACCOUNTING GROUP LIMITED",GAR,"Commercial Services & Supplies"
"GASNET AUSTRALIA GROUP",GAS,"Utilities"
"GATEWAY MINING NL",GML,"Materials"
"GAZAL CORPORATION LIMITED",GZL,"Consumer Durables & Apparel"
"GE CAPITAL AUSTRALIA FUNDING PTY LIMITED",GEA,"GICS Sector Code Not Applicable"
"GEC ASIAN VALUE FUND",GCA,"GICS Sector Code Not Applicable"
"GEC AUSTRALIAN HEALTHCARE FUND",GCH,"GICS Sector Code Not Applicable"
"GEC EUROGROWTH FUND",GCE,"GICS Sector Code Not Applicable"
"GENERAL PROPERTY TRUST",GPT,"Real Estate"
"GENERAL PUBLISHERS LIMITED",GEP,"Media"
"GENESIS BIOMEDICAL LIMITED",GBL,"Pharmaceuticals & Biotechnology"
"GENESIS RESEARCH AND DEVELOPMENT CORPORATION LIMITED",GEN,"Pharmaceuticals & Biotechnology"
"GENETIC TECHNOLOGIES LIMITED",GTG,"Pharmaceuticals & Biotechnology"
"GEO2 LIMITED",GEL,"Commercial Services & Supplies"
"GEODYNAMICS LIMITED",GDY,"Utilities"
"GES INTERNATIONAL LIMITED",GEE,"Technology Hardware & Equipment"
"GIANTS REEF MINING LIMITED",GTM,"Materials"
"GINDALBIE GOLD NL",GBG,"Materials"
"GIPPSLAND LIMITED",GIP,"Materials"
"GIRALIA RESOURCES NL",GIR,"Materials"
"GLENEAGLE GOLD LIMITED",GLN,"Materials"
"GLENGARRY RESOURCES LIMITED",GGY,"Materials"
"GLOBAL PETROLEUM LIMITED",GBP,"Energy"
"GLOBAL SEAFOOD AUSTRALIA LIMITED",GSF,"Food Beverage & Tobacco"
"GLOBE INTERNATIONAL LIMITED",GLB,"Consumer Durables & Apparel"
"GLOBE SECURITIES LIMITED",GTI,"Materials"
"GLOUCESTER COAL LTD",GCL,"Materials"
"GME RESOURCES LIMITED",GME,"Materials"
"GOCONNECT LIMITED",GCN,"Software & Services"
"GOLD AURA LIMITED",GOA,"Materials"
"GOLD BULLION LIMITED",GOL,"Materials"
"GOLDEN CROSS RESOURCES LTD",GCR,"Materials"
"GOLDEN DEEPS LIMITED.",GED,"Materials"
"GOLDEN GATE PETROLEUM LTD",GGP,"Materials"
"GOLDEN STATE RESOURCES LIMITED",GDN,"Materials"
"GOLDEN VALLEY MINES LIMITED",GVM,"Materials"
"GOLDSEARCH LIMITED",GSE,"Materials"
"GOLDSTREAM MINING NL",GDM,"Materials"
"GONDWANA RESOURCES LIMITED",GDA,"Materials"
"GOWING BROS LIMITED",GOW,"Diversified Financials"
"GOWINGS RETAIL LIMITED",GBR,"Retailing"
"GOWIT LIMITED",GOI,"Software & Services"
"GPS ONLINE LIMITED",GPO,"Telecommunication Services"
"GPT SPLIT TRUST",GST,"Real Estate"
"GRADIPORE LIMITED",GDP,"Pharmaceuticals & Biotechnology"
"GRAINCORP LIMITED",GNC,"Food Beverage & Tobacco"
"GRAND HOTEL GROUP",GHG,"Real Estate"
"GRANDBRIDGE LIMITED",GBA,"Diversified Financials"
"GRANGE RESOURCES LIMITED.",GRR,"Materials"
"GRAVITY CAPITAL LIMITED",GRN,"Materials"
"GRD NL",GRD,"Materials"
"GREAT ARTESIAN OIL & GAS LIMITED",GOG,"Energy"
"GREAT PACIFIC CAPITAL LIMITED",GRP,"Diversified Financials"
"GREAT SOUTHERN PLANTATIONS LIMITED",GTP,"Materials"
"GREATER PACIFIC GOLD LIMITED",GPN,"Materials"
"GREEN PACIFIC ENERGY LIMITED",GPE,"Utilities"
"GREEN'S FOODS LIMITED",GFD,"Food Beverage & Tobacco"
"GREENVALE MINING NL",GRV,"Energy"
"GREGORY INDUSTRIES LIMITED",GIL,"Commercial Services & Supplies"
"GRIBBLES GROUP LIMITED (THE)",GGL,"Health Care Equipment & Services"
"GROPEP LIMITED",GRO,"Pharmaceuticals & Biotechnology"
"GTN RESOURCES LIMITED",GTN,"Materials"
"GUINNESS PEAT GROUP PLC.",GPG,"Capital Goods"
"GULLEWA LIMITED",GUL,"Materials"
"GUNNS LIMITED",GNS,"Materials"
"GUNSON RESOURCES LIMITED",GUN,"Materials"
"GUTNICK RESOURCES NL",GKR,"Materials"
"GWA INTERNATIONAL LIMITED",GWT,"Capital Goods"
"GYMPIE GOLD LIMITED",GYM,"Materials"
"HADDINGTON RESOURCES LIMITED",HDN,"Materials"
"HALCYON GROUP LTD",HCY,"Software & Services"
"HALLMARK CONSOLIDATED LIMITED",HLM,"Materials"
"HAMILTON ISLAND LIMITED",HAM,"Hotels Restaurants & Leisure"
"HAMPTON HILL MINING NL",HHM,"Materials"
"HANSEN TECHNOLOGIES LIMITED",HSN,"Software & Services"
"HANSON PLC.",HAN,"Materials"
"HAOMA MINING NL",HAO,"Materials"
"HARBOUR CAPITAL LIMITED",HBR,"Diversified Financials"
"HARDMAN RESOURCES LIMITED",HDR,"Energy"
"HARRINGTON GROUP LIMITED",HGR,"Food Beverage & Tobacco"
"HARTEC LIMITED",HRT,"Technology Hardware & Equipment"
"HARTLEYS LIMITED.",HPL,"Diversified Financials"
"HARVESTROAD LIMITED",HRD,"Software & Services"
"HARVEY NORMAN HOLDINGS LIMITED",HVN,"Retailing"
"HARVEY WORLD TRAVEL LIMITED",HWT,"Hotels Restaurants & Leisure"
"HAVILAH RESOURCES NL",HAV,"Materials"
"HEALTH COMMUNICATION NETWORK LIMITED",HCN,"Health Care Equipment & Services"
"HEALTHPOINT TECHNOLOGIES LIMITED",HLT,"Health Care Equipment & Services"
"HEALTHSCOPE LIMITED",HSP,"Health Care Equipment & Services"
"HEAT EXCHANGERS INTERNATIONAL LIMITED",HEI,"Capital Goods"
"HEGGIES BULKHAUL LIMITED",HBL,"Transportation"
"HELIX RESOURCES LIMITED",HLX,"Materials"
"HENRY WALKER ELTIN GROUP LIMITED",HWE,"Capital Goods"
"HERALD RESOURCES LIMITED",HER,"Materials"
"HERITAGE GOLD NZ LIMITED",HTM,"Materials"
"HERON RESOURCES LIMITED",HRR,"Materials"
"HGL LIMITED",HNG,"Capital Goods"
"HIGHLANDS PACIFIC LIMITED",HIG,"Materials"
"HILL END GOLD LIMITED",HEG,"Materials"
"HILLCREST RESOURCES LIMITED",HLL,"Materials"
"HILLGROVE GOLD LIMITED",HGO,"Materials"
"HILLS INDUSTRIES LIMITED",HIL,"Capital Goods"
"HILLS MOTORWAY GROUP",HLY,"Transportation"
"HIRE INTELLIGENCE INTERNATIONAL LIMITED",HII,"Commercial Services & Supplies"
"HITEC ENERGY LIMITED",HTE,"Materials"
"HITECH GROUP AUSTRALIA LIMITED",HIT,"Commercial Services & Supplies"
"HJ&B GROUP LIMITED",HJB,"Commercial Services & Supplies"
"HOME BUILDING SOCIETY LIMITED",HME,"Banks"
"HOMELEISURE LIMITED",HLD,"Retailing"
"HOMELOANS LIMITED",HOM,"Banks"
"HORIZON ENERGY INVESTMENT GROUP",HRZ,"Utilities"
"HORIZON GLOBAL LIMITED",HZG,"Software & Services"
"HORIZON OIL NL",HZN,"Energy"
"HOSTWORKS GROUP LIMITED",HWG,"Software & Services"
"HOUSEWARES INTERNATIONAL LIMITED",HWI,"Retailing"
"HPAL LIMITED",HPX,"Software & Services"
"HUADU CITY DEVELOPMENTS LIMITED",HCD,"Transportation"
"HUDSON INVESTMENT GROUP LIMITED",HGL,"Capital Goods"
"HUDSON RESOURCES LIMITED",HRS,"Materials"
"HUDSON SECURITIES CORPORATION LIMITED",HSC,"Diversified Financials"
"HUDSON TIMBER PRODUCTS LIMITED",HTL,"Capital Goods"
"HUGALL & HOILE LIMITED",HUG,"Capital Goods"
"HUNTER HALL INTERNATIONAL LIMITED",HHL,"Diversified Financials"
"HUNTLEY INVESTMENT COMPANY LIMITED",HIC,"Diversified Financials"
"HUTCHISON TELECOMMUNICATIONS (AUSTRALIA) LIMITED",HTA,"Telecommunication Services"
"HWW LIMITED",HWW,"Media"
"HYDRO-ELECTRIC CORPORATION",XTA,"GICS Sector Code Not Applicable"
"HYDROMET CORPORATION LIMITED",HMC,"Commercial Services & Supplies"
"HYRO LIMITED",HYO,"Media"
"I.T.& E LIMITED",ITE,"Software & Services"
"IASBET LIMITED",IAS,"Hotels Restaurants & Leisure"
"IATIA LIMITED",IAT,"Health Care Equipment & Services"
"IBA HEALTH LIMITED",IBA,"Health Care Equipment & Services"
"ICE CORPORATION LIMITED",ICE,"Capital Goods"
"ICON ENERGY LIMITED",ICN,"Energy"
"ICSGLOBAL LIMITED",ICS,"Health Care Equipment & Services"
"IDEAS INTERNATIONAL LIMITED",IDE,"Software & Services"
"IINET LIMITED",IIN,"Software & Services"
"ILUKA RESOURCES LIMITED",ILU,"Materials"
"IMAGE RESOURCES NL",IMA,"Materials"
"IMDEX LIMITED",IMD,"Materials"
"IMF (AUSTRALIA) LTD",IMF,"Diversified Financials"
"IMPERIAL ONE LIMITED",IMP,"Materials"
"IMPRESS VENTURES LIMITED",ITC,"Software & Services"
"IMT HOLDINGS LIMITED",IMH,"Commercial Services & Supplies"
"IMUGENE LIMITED",IMU,"Capital Goods"
"INCITEC PIVOT LIMITED",IPL,"Materials"
"INDCOR LIMITED",ICO,"Materials"
"INDEPENDENCE GOLD NL",IGO,"Materials"
"INDEPENDENT PRACTITIONER NETWORK LTD",IPN,"Health Care Equipment & Services"
"INDOPHIL RESOURCES NL",IRN,"Materials"
"INFOCHOICE LIMITED",ICH,"Media"
"INFOMEDIA LTD",IFM,"Software & Services"
"INFOSENTIALS LIMITED",INF,"Media"
"ING INDUSTRIAL FUND",IIF,"Real Estate"
"ING OFFICE FUND",IOF,"Real Estate"
"INNOVONICS LIMITED",INO,"Software & Services"
"INOVAX LIMITED",INX,"Pharmaceuticals & Biotechnology"
"INSTITUTE OF DRUG TECHNOLOGY AUSTRALIA LIMITED",IDT,"Pharmaceuticals & Biotechnology"
"INSURANCE AUSTRALIA GROUP LIMITED",IAG,"Insurance"
"INSURANCE MY WAY LIMITED",IMW,"Insurance"
"INTEC LTD",INL,"Materials"
"INTEGRA MEDICAL IMAGING LIMITED",IMI,"Health Care Equipment & Services"
"INTEGRATED GROUP LIMITED",IWF,"Commercial Services & Supplies"
"INTEGRATED INVESTMENT GROUP LIMITED",IIG,"Commercial Services & Supplies"
"INTEGRATED RESEARCH LIMITED",IRI,"Software & Services"
"INTELLECT HOLDINGS LIMITED",IHG,"Technology Hardware & Equipment"
"INTER-AMERICAN DEVELOPMENT BANK",IDB,"GICS Sector Code Not Applicable"
"INTERCARD WIRELESS LIMITED",ITN,"Technology Hardware & Equipment"
"INTERMIN RESOURCES LIMITED",IRC,"Materials"
"INTERMOCO LIMITED",INT,"Technology Hardware & Equipment"
"INTERNATIONAL CONCERT ATTRACTIONS LIMITED",ICP,"Media"
"INTERNATIONAL EQUITIES CORPORATION LIMITED.",IEQ,"Real Estate"
"INTERNATIONAL GOLDFIELDS LIMITED.",IGL,"Materials"
"INTERNATIONAL WINE INVESTMENT FUND (THE)",IWI,"Diversified Financials"
"INTEROIL CORPORATION",IOC,"Energy"
"INTERSTAR MILLENIUM SERIES 2003-4 TRUST",IMY,"Classification Pending"
"INTERSTAR MILLENNIUM SERIES 2001-2 TRUST",IMS,"GICS Sector Code Not Applicable"
"INTERSTAR MILLENNIUM SERIES 2002-1G TRUST",IMG,"GICS Sector Code Not Applicable"
"INTERSTAR MILLENNIUM SERIES 2002-2 TRUST",IME,"GICS Sector Code Not Applicable"
"INTERSTAR MILLENNIUM SERIES 2003 - 1G TRUST",IMT,"GICS Sector Code Not Applicable"
"INTERSTAR MILLENNIUM SERIES 2003-2 TRUST",IMV,"GICS Sector Code Not Applicable"
"INTERSTAR MILLENNIUM SERIES 2003-3G TRUST",IMX,"GICS Sector Code Not Applicable"
"INVESTA PROPERTY GROUP",IPG,"Real Estate"
"INVESTIKA LIMITED",IVK,"Software & Services"
"INVESTMENT AUSTASIA LIMITED",IAL,"Commercial Services & Supplies"
"INVESTMENT COMPANY OF THE WEST LIMITED",ICW,"Diversified Financials"
"INVESTOR GROUP LIMITED",IGP,"Diversified Financials"
"INVESTORINFO LIMITED",INV,"Media"
"ION LIMITED",ION,"Automobile & Components"
"IRESS MARKET TECHNOLOGY LIMITED",IRE,"Software & Services"
"IRONBARK CAPITAL LIMITED",IBC,"Diversified Financials"
"IVANHOE MINES LTD.",IVN,"Materials"
"IWL LIMITED",IWL,"Software & Services"
"IXLA LIMITED",IXL,"Software & Services"
"J B WERE CAPITAL MARKETS LIMITED",JCM,"Diversified Financials"
"JACKSON GOLD LIMITED",JAK,"Materials"
"JACOBSEN ENTERTAINMENT LIMITED",JEL,"Media"
"JAM DEVELOPMENT CAPITAL LIMITED",JAM,"Diversified Financials"
"JAMES FIELDING GROUP",JFG,"Real Estate"
"JAMES HARDIE INDUSTRIES N.V.",JHX,"Materials"
"JERVOIS MINING LIMITED",JRV,"Materials"
"JETSET TRAVELWORLD LTD",JET,"Hotels Restaurants & Leisure"
"JF MERIDIAN TRUST",JFM,"Real Estate"
"JINDALEE RESOURCES LIMITED",JRL,"Materials"
"JOHN HANCOCK GLOBAL FUNDING LIMITED",JHF,"GICS Sector Code Not Applicable"
"JOHN SHEARER (HOLDINGS) LIMITED",SHR,"Capital Goods"
"JOHNSON'S WELL MINING NL",JWM,"Materials"
"JOYCE CORPORATION LIMITED",JYC,"Capital Goods"
"JUBILEE MINES NL",JBM,"Materials"
"JULIA ROSS RECRUITMENT LIMITED",JRR,"Commercial Services & Supplies"
"JUMBO CORPORATION LIMITED",JUM,"Retailing"
"JUPITERS LIMITED.",JUP,"Hotels Restaurants & Leisure"
"K & S CORPORATION LIMITED",KSC,"Transportation"
"KAEFER TECHNOLOGIES LIMITED",KAE,"Capital Goods"
"KAGARA ZINC LIMITED",KZL,"Materials"
"KALREZ ENERGY LIMITED",KRZ,"Energy"
"KANOWNA CONSOLIDATED GOLD MINES LIMITED",KCG,"Materials"
"KANOWNA LIGHTS LIMITED",KLS,"Materials"
"KAZ GROUP LIMITED",KAZ,"Software & Services"
"KEITH HARRIS & COMPANY LIMITED",HAK,"Food Beverage & Tobacco"
"KEY2 LIMITED",KET,"Software & Services"
"KEYCORP LIMITED",KYC,"Technology Hardware & Equipment"
"KFW INTERNATIONAL FINANCE INC",KFW,"GICS Sector Code Not Applicable"
"KIMBERLEY DIAMOND COMPANY NL.",KIM,"Materials"
"KIMBERLEY OIL NL",KBO,"Energy"
"KIMBERLEY SECURITIES LIMITED",KBS,"Real Estate"
"KINGS MINERALS NL",KMN,"Materials"
"KINGSGATE CONSOLIDATED LIMITED.",KCN,"Materials"
"KIP MCGRATH EDUCATION CENTRES LIMITED",KME,"Commercial Services & Supplies"
"KLM GROUP LTD",KLM,"Technology Hardware & Equipment"
"KNIGHTS INSOLVENCY ADMINISTRATION LIMITED",KIA,"Diversified Financials"
"KOALA CORPORATION AUSTRALIA LIMITED",KLA,"Hotels Restaurants & Leisure"
"KOON HOLDINGS LIMITED",KNH,"Capital Goods"
"KORVEST LIMITED",KOV,"Capital Goods"
"KRESTA HOLDINGS LIMITED",KRS,"Consumer Durables & Apparel"
"LAFAYETTE MINING LIMITED",LAF,"Materials"
"LAKE RESOURCES N.L.",LKE,"Materials"
"LAKE TECHNOLOGY LIMITED",LAK,"Technology Hardware & Equipment"
"LAKES OIL NL",LKO,"Energy"
"LANDESBANK BADEN-WURTTEMBERG",LBW,"GICS Sector Code Not Applicable"
"LASSETERS CORPORATION LIMITED",LAS,"Hotels Restaurants & Leisure"
"LATROBE MAGNESIUM LIMITED",LMG,"Materials"
"LAVERTON GOLD NL",LVG,"Materials"
"LEGALCO LIMITED",LCO,"Commercial Services & Supplies"
"LEGEND MINING LIMITED",LEG,"Materials"
"LEIGHTON HOLDINGS LIMITED",LEI,"Capital Goods"
"LEMARNE CORPORATION LIMITED",LMC,"Capital Goods"
"LEMVEST LIMITED",LEV,"Capital Goods"
"LEND LEASE CORPORATION LIMITED",LLC,"Real Estate"
"LEND LEASE US OFFICE TRUST",LUO,"Real Estate"
"LEYSHON RESOURCES LIMITED",LRL,"Materials"
"LIGHTING CORPORATION LIMITED",LCL,"Capital Goods"
"LIHIR GOLD LIMITED",LHG,"Materials"
"LINDEN & CONWAY LIMITED",LDN,"Retailing"
"LINDSAY AUSTRALIA LIMITED",LAU,"Transportation"
"LION EQUITIES LIMITED",LEL,"Real Estate"
"LION NATHAN LIMITED",LNN,"Food Beverage & Tobacco"
"LION SELECTION GROUP LIMITED",LSG,"Materials"
"LIONORE MINING INTERNATIONAL LIMITED.",LIM,"Materials"
"LODESTONE EXPLORATION LIMITED",LOD,"Materials"
"LOFTUS CAPITAL PARTNERS LIMITED",LCP,"Diversified Financials"
"LONDON CITY EQUITIES LIMITED",LCE,"Diversified Financials"
"LONGREACH OIL LIMITED",LGO,"Energy"
"LOOKSMART LIMITED",LOK,"Software & Services"
"LOWAN AUSTRALIA LIMITED",LAL,"Food Beverage & Tobacco"
"LUDOWICI LIMITED",LDW,"Capital Goods"
"LUMACOM LIMITED",LUM,"Technology Hardware & Equipment"
"LYNAS CORPORATION LIMITED",LYC,"Materials"
"M2M CORPORATION LIMITED",MCL,"Software & Services"
"MACARTHUR COAL LIMITED",MCC,"Materials"
"MACARTHUR DIAMONDS LIMITED",MDD,"Classification Pending"
"MACARTHURCOOK LIMITED",MCK,"Real Estate"
"MACKAY PERMANENT BUILDING SOCIETY LIMITED",MPB,"Banks"
"MACMAHON HOLDINGS LIMITED",MAH,"Capital Goods"
"MACMIN SILVER LTD",MMN,"Materials"
"MACQUARIE AIRPORTS",MAP,"Transportation"
"MACQUARIE BANK LIMITED",MBL,"Diversified Financials"
"MACQUARIE COMMUNICATIONS INFRASTRUCTURE GROUP",MCG,"Media"
"MACQUARIE CORPORATE TELECOMMUNICATIONS HOLDINGS LIMITED",MAQ,"Telecommunication Services"
"MACQUARIE COUNTRYWIDE TRUST",MCW,"Real Estate"
"MACQUARIE GOODMAN CAPITAL TRUST",MGA,"Real Estate"
"MACQUARIE GOODMAN INDUSTRIAL TRUST",MGI,"Real Estate"
"MACQUARIE GOODMAN MANAGEMENT LIMITED",MGM,"Real Estate"
"MACQUARIE INFRASTRUCTURE GROUP",MIG,"Transportation"
"MACQUARIE LEISURE TRUST GROUP",MLE,"Real Estate"
"MACQUARIE OFFICE TRUST",MOF,"Real Estate"
"MACQUARIE PARK STREET TRUST",MOR,"Real Estate"
"MACQUARIE PROLOGIS TRUST",MPR,"Real Estate"
"MACRO CORPORATION LIMITED",MAC,"Hotels Restaurants & Leisure"
"MAGELLAN PETROLEUM AUSTRALIA LIMITED",MAG,"Energy"
"MAGNA PACIFIC (HOLDINGS) LIMITED",MPH,"Media"
"MAGNESIUM INTERNATIONAL LIMITED",MIL,"Materials"
"MAGNUM GOLD NL",MGU,"Materials"
"MALACHITE RESOURCES NL",MAR,"Materials"
"MARINER FINANCIAL LIMITED",MFI,"Diversified Financials"
"MARINER RETIREMENT SOLUTIONS LIMITED",MRT,"Diversified Financials"
"MARK SENSING LIMITED",MPI,"Materials"
"MARLBOROUGH RESOURCES NL",MBG,"Materials"
"MARYBOROUGH SUGAR FACTORY LIMITED (THE)",MSF,"Food Beverage & Tobacco"
"MATRIX METALS LIMITED",MRX,"Materials"
"MATRIX OIL NL",MXO,"Energy"
"MAWSON WEST LTD",MWE,"Materials"
"MAXE-TEC AUSTRALIA LIMITED",MXA,"Media"
"MAXIS CORPORATION LIMITED",MXS,"Telecommunication Services"
"MAXITRANS INDUSTRIES LIMITED",MXI,"Capital Goods"
"MAYNE GROUP LIMITED",MAY,"Health Care Equipment & Services"
"MBF CARPENTERS LIMITED",MBF,"Capital Goods"
"MBOX.COM LIMITED",MBX,"Software & Services"
"MCGUIGAN SIMEON WINES LIMITED",MGW,"Food Beverage & Tobacco"
"MCPHERSON'S LIMITED",MCP,"Commercial Services & Supplies"
"MEDAIRE INC",MDE,"Health Care Equipment & Services"
"MEDIA WORLD COMMUNICATIONS LIMITED",MWC,"Software & Services"
"MEDICA HOLDINGS LIMITED",MCA,"Pharmaceuticals & Biotechnology"
"MEDICAL CORPORATION AUSTRALASIA LIMITED",MOD,"Health Care Equipment & Services"
"MEDICAL MONITORS LIMITED",MDM,"Health Care Equipment & Services"
"MEDITECH RESEARCH LIMITED",MTR,"Pharmaceuticals & Biotechnology"
"MELBOURNE IT LIMITED",MLB,"Software & Services"
"MERCHANT HOUSE INTERNATIONAL LIMITED",MHI,"Consumer Durables & Apparel"
"MERMAID MARINE AUSTRALIA LIMITED",MRM,"Transportation"
"METABOLIC PHARMACEUTICALS LIMITED",MBP,"Pharmaceuticals & Biotechnology"
"METAL STORM LIMITED",MST,"Capital Goods"
"METCASH TRADING LIMITED",MTT,"Food & Staples Retailing"
"METEX RESOURCES LIMITED",MEE,"Materials"
"METHANOL AUSTRALIA LIMITED",MEO,"Energy"
"METROLAND AUSTRALIA LIMITED",MTD,"Real Estate"
"MFS HOTEL PROPERTY TRUST",MPY,"Real Estate"
"MFS LEVERAGED INVESTMENTS AND SECURITIES TRUST",MFS,"Diversified Financials"
"MIA GROUP LIMITED",MIA,"Health Care Equipment & Services"
"MICHELAGO LIMITED",MIC,"Materials"
"MICROVIEW LIMITED",MVL,"Media"
"MIDAS RESOURCES LIMITED",MDS,"Materials"
"MIDWARE LIMITED",MIW,"Software & Services"
"MIDWEST CORPORATION LIMITED",MIS,"Materials"
"MIKOH CORPORATION LIMITED",MIK,"Commercial Services & Supplies"
"MILLEPEDE INTERNATIONAL LIMITED",MPD,"Materials"
"MILLER'S RETAIL LIMITED",MRL,"Retailing"
"MILTON CORPORATION LIMITED",MLT,"Diversified Financials"
"MINCOR RESOURCES NL",MCR,"Materials"
"MINERAL COMMODITIES LTD",MRC,"Materials"
"MINERAL DEPOSITS LIMITED",MDL,"Materials"
"MINERALS CORPORATION LIMITED",MSC,"Materials"
"MINOTAUR RESOURCES LIMITED",MNR,"Materials"
"MIRRABOOKA INVESTMENTS LIMITED",MIR,"Diversified Financials"
"MIRVAC GROUP",MGR,"Real Estate"
"MITHRIL RESOURCES LIMITED",MTH,"Materials"
"MOBILE INNOVATIONS LIMITED",MOB,"Telecommunication Services"
"MOBILESOFT LIMITED",MSO,"Telecommunication Services"
"MOLOPO AUSTRALIA NL",MPO,"Energy"
"MONADELPHOUS GROUP LIMITED",MND,"Capital Goods"
"MONARCH RESOURCES LIMITED",MRS,"Materials"
"MONTERAY GROUP LIMITED",MRY,"Software & Services"
"MONTO MINERALS LTD",MOO,"Materials"
"MORNING STAR HOLDINGS (AUSTRALIA) LIMITED",MSH,"Hotels Restaurants & Leisure"
"MOSAIC OIL NL",MOS,"Energy"
"MOTION PICTURE COMPANY OF AUSTRALIA LIMITED",MPC,"Media"
"MOUNT BURGESS MINING NL",MTB,"Materials"
"MOUNT CONQUEROR MINERALS NL",MCO,"Materials"
"MOUNT GIBSON IRON LIMITED",MGX,"Materials"
"MPI MINES LIMITED",MPM,"Materials"
"MRI HOLDINGS LIMITED.",MRI,"Diversified Financials"
"MTM ENTERTAINMENT TRUST",MME,"Real Estate"
"MULTIEMEDIA LIMITED",MUL,"Software & Services"
"MULTISTACK INTERNATIONAL LIMITED",MSI,"Capital Goods"
"MURCHISON HOLDINGS LIMITED",MCH,"Diversified Financials"
"MURCHISON UNITED NL",MUR,"Materials"
"MUSTANG GROUP LIMITED",MUS,"Software & Services"
"MXL LIMITED.",MXL,"Commercial Services & Supplies"
"MYOB LIMITED",MYO,"Software & Services"
"NAMAKWA DIAMOND COMPANY NL",NDC,"Materials"
"NAMOI COTTON CO-OPERATIVE LIMITED",NAM,"Food Beverage & Tobacco"
"NATIONAL 1 LIMITED",NOL,"Commercial Services & Supplies"
"NATIONAL AUSTRALIA BANK LIMITED",NAB,"Banks"
"NATIONAL CAN INDUSTRIES LIMITED",NCI,"Materials"
"NATIONAL FOODS LIMITED",NFD,"Food Beverage & Tobacco"
"NATIONAL FORGE LIMITED",NFG,"Capital Goods"
"NATIONAL HIRE GROUP LIMITED",NHR,"Commercial Services & Supplies"
"NATIONAL TELECOMS GROUP LIMITED",NTG,"Technology Hardware & Equipment"
"NATURAL INTELLIGENCE LIMITED",NAI,"Software & Services"
"NAUTILUS AUSTRALIA LIMITED",NAU,"Transportation"
"NAVIGATOR RESOURCES LIMITED",NAV,"Classification Pending"
"NCML (HOLDINGS) LIMITED",NCH,"Diversified Financials"
"NEIGHBORHOOD CABLE LIMITED",NCA,"Media"
"NETCOMM LIMITED.",NTC,"Technology Hardware & Equipment"
"NETWORK FOODS LIMITED",NFO,"Food & Staples Retailing"
"NETWORK LIMITED",NWK,"Media"
"NEVERFAIL SPRINGWATER LIMITED",NEV,"Food Beverage & Tobacco"
"NEW HOLLAND MINING LIMITED",NHM,"Materials"
"NEW HOPE CORPORATION LIMITED",NHC,"Materials"
"NEW HORIZON ENERGY LIMITED",NHE,"Commercial Services & Supplies"
"NEW PRIVATEER HOLDINGS LIMITED",NPH,"Diversified Financials"
"NEW WORLD ALLOYS LIMITED",NWA,"Materials"
"NEW ZEALAND OIL & GAS LIMITED",NZO,"Energy"
"NEWCREST MINING LIMITED",NCM,"Materials"
"NEWHAVEN PARK STUD LIMITED",NPS,"Hotels Restaurants & Leisure"
"NEWLAND RESOURCES LIMITED",NRL,"Materials"
"NEWMONT MINING CORPORATION.",NEM,"Materials"
"NEWS CORPORATION LIMITED (THE)",NCP,"Media"
"NEXUS BONDS LIMITED",NXB,"GICS Sector Code Not Applicable"
"NEXUS ENERGY LIMITED",NXS,"Energy"
"NIAGARA MINING LIMITED",NIA,"Materials"
"NIDO PETROLEUM LIMITED",NDO,"Energy"
"NKWE PLATINUM LIMITED",NKP,"Classification Pending"
"NONI B LIMITED",NBL,"Retailing"
"NORDIC INVESTMENT BANK",NIB,"GICS Sector Code Not Applicable"
"NORTHERN GOLD NL",NNG,"Materials"
"NORWEST ENERGY NL",NWE,"Energy"
"NORWOOD ABBEY LIMITED",NAL,"Health Care Equipment & Services"
"NOVA HEALTH LIMITED",NHL,"Health Care Equipment & Services"
"NOVERA ENERGY LIMITED",NVE,"Utilities"
"NOVOGEN LIMITED",NRT,"Pharmaceuticals & Biotechnology"
"NOVUS PETROLEUM LIMITED",NVS,"Energy"
"NSL HEALTH LIMITED",NSL,"Health Care Equipment & Services"
"NUFARM LIMITED",NUF,"Materials"
"NULLARBOR HOLDINGS LIMITED",NLB,"Materials"
"NUPLEX INDUSTRIES LIMITED.",NPX,"Materials"
"OAKTON LIMITED",OKN,"Software & Services"
"OAMPS LIMITED",OMP,"Insurance"
"OBJECTIF TELECOMMUNICATIONS LIMITED",OBJ,"Software & Services"
"OBJECTIVE CORPORATION LIMITED",OCL,"Software & Services"
"OCCUPATIONAL & MEDICAL INNOVATIONS LIMITED",OMI,"Health Care Equipment & Services"
"OFM INVESTMENT GROUP LIMITED",OFM,"Diversified Financials"
"OFT LIMITED",OFT,"Capital Goods"
"OIL COMPANY OF AUSTRALIA LIMITED",OCA,"Energy"
"OIL SEARCH LIMITED",OSH,"Energy"
"OLDFIELDS HOLDINGS LIMITED",OLH,"Capital Goods"
"OLEA AUSTRALIS LIMITED",OLE,"Food Beverage & Tobacco"
"OLYMPUS RESOURCES LIMITED",OLP,"Diversified Financials"
"OM HOLDINGS LIMITED",OMH,"Materials"
"OMNITECH HOLDINGS LIMITED",OHL,"Technology Hardware & Equipment"
"ONESTEEL LIMITED",OST,"Materials"
"OPEN TELECOMMUNICATIONS LIMITED",OTT,"Software & Services"
"OPSM GROUP LIMITED",OPS,"Health Care Equipment & Services"
"OPTIMA CORPORATION LIMITED",OPC,"Diversified Financials"
"OPTIMA ICM LIMITED",OPI,"Technology Hardware & Equipment"
"OPTISCAN IMAGING LIMITED",OIL,"Health Care Equipment & Services"
"OPTUM HEALTH LIMITED",OPM,"Health Care Equipment & Services"
"ORBITAL ENGINE CORPORATION LIMITED",OEC,"Automobile & Components"
"ORCHARD PETROLEUM LIMITED",OPL,"Energy"
"ORCHID CAPITAL LIMITED",ORC,"Diversified Financials"
"ORICA LIMITED",ORI,"Materials"
"ORIEL COMMUNICATIONS LIMITED",OCO,"Telecommunication Services"
"ORIENTAL CRYSTAL (INTERNATIONAL) LIMITED",OCR,"Capital Goods"
"ORIENTAL TECHNOLOGIES INVESTMENT LIMITED",OTI,"Capital Goods"
"ORIGIN ENERGY LIMITED",ORG,"Energy"
"OROPA LIMITED",ORP,"Materials"
"OROTONGROUP LIMITED",ORL,"Retailing"
"OROYA MINING LIMITED",ORO,"Materials"
"OVERSEAS & GENERAL LIMITED",OGL,"Materials"
"OXIANA LIMITED",OXR,"Materials"
"P CLELAND ENTERPRISES LIMITED",CLL,"Commercial Services & Supplies"
"P.O.S. MEDIA ONLINE LIMITED",PMD,"Media"
"PACIFIC ENERGY LIMITED",PEA,"Utilities"
"PACIFIC HYDRO LIMITED",PHY,"Utilities"
"PACIFIC INTERNATIONAL LIMITED",PCI,"Hotels Restaurants & Leisure"
"PACIFIC MAGNESIUM CORPORATION LIMITED",PMH,"Materials"
"PACIFIC MINING LIMITED",PFM,"Materials"
"PACIFIC STRATEGIC INVESTMENTS LIMITED",PSI,"Diversified Financials"
"PACIFICA GROUP LIMITED",PBB,"Automobile & Components"
"PACRIM ENERGY LIMITED",PRE,"Energy"
"PACSOFT LIMITED",PAC,"Software & Services"
"PALADIN RESOURCES LIMITED",PDN,"Materials"
"PALAMEDIA LIMITED",PMX,"Media"
"PALM SPRINGS LIMITED",PSG,"Food Beverage & Tobacco"
"PAN AUSTRALIAN RESOURCES NL",PNA,"Materials"
"PAN PACIFIC PETROLEUM NL",PPP,"Energy"
"PAN PALLADIUM LTD",PPD,"Materials"
"PAN PHARMACEUTICALS LIMITED.",PPH,"Health Care Equipment & Services"
"PANASEER LIMITED",PSL,"Technology Hardware & Equipment"
"PANBIO LIMITED",PBO,"Health Care Equipment & Services"
"PANCONTINENTAL OIL & GAS NL",PCL,"Energy"
"PAPERLINX LIMITED",PPX,"Materials"
"PASMINCO LIMITED",PAS,"Materials"
"PATRICK CORPORATION LIMITED",PRK,"Transportation"
"PAYCE CONSOLIDATED LIMITED",PAY,"Real Estate"
"PCH GROUP LIMITED",PCG,"Capital Goods"
"PEARL HEALTHCARE LIMITED",PHL,"Health Care Equipment & Services"
"PEARL RIVER TYRE (HOLDINGS) LIMITED",PLR,"Automobile & Components"
"PELICAN RESOURCES LIMITED",PEL,"Materials"
"PELORUS PIPES - BAKEHOUSE FUND",PPB,"GICS Sector Code Not Applicable"
"PELSART RESOURCES NL",PRN,"Materials"
"PENFOLD BUSCOMBE LIMITED",PPR,"Commercial Services & Supplies"
"PENINSULAR & ORIENTAL STEAM NAVIGATION COMPANY (THE)",PSN,"Transportation"
"PEPLIN BIOTECH LTD",PEP,"Pharmaceuticals & Biotechnology"
"PEPPERCORN INVESTMENT FUND",PIV,"Commercial Services & Supplies"
"PEPPERCORN MANAGEMENT GROUP LIMITED",PMG,"Commercial Services & Supplies"
"PEPTECH LIMITED",PTD,"Pharmaceuticals & Biotechnology"
"PERILYA LIMITED",PEM,"Materials"
"PERPETUAL TRUSTEES AUSTRALIA LIMITED",PPT,"Diversified Financials"
"PERSEVERANCE CORPORATION LIMITED",PSV,"Materials"
"PETER LEHMANN WINES LIMITED",PLW,"Food Beverage & Tobacco"
"PETSEC ENERGY LIMITED",PSA,"Energy"
"PHARMANET ONLINE LIMITED",PNO,"Health Care Equipment & Services"
"PHILEO AUSTRALIA LIMITED",PHI,"Real Estate"
"PHILIP MORRIS COMPANIES INC",PMO,"Food Beverage & Tobacco"
"PIENETWORKS LIMITED",PIE,"Software & Services"
"PILBARA MINES LIMITED",PIL,"Materials"
"PINEAPPLEHEAD LIMITED",PNH,"Technology Hardware & Equipment"
"PINNACLE VRB LIMITED",PCE,"Capital Goods"
"PLACER DOME INC",PDG,"Materials"
"PLANAR SEMICONDUCTOR INC",PLN,"Capital Goods"
"PLASPAK GROUP LIMITED",PPK,"Materials"
"PLATINUM AUSTRALIA LIMITED",PLA,"Materials"
"PLATINUM CAPITAL LIMITED",PMC,"Diversified Financials"
"PLATSEARCH NL",PTS,"Materials"
"PLENTY RIVER CORPORATION LIMITED",PRM,"Materials"
"PLEXUS INTERNATIONAL LIMITED",PLX,"Software & Services"
"PMP LIMITED",PMP,"Media"
"POCKETMAIL GROUP LIMITED",PKT,"Technology Hardware & Equipment"
"POLARTECHNICS LIMITED",PLT,"Health Care Equipment & Services"
"POLTECH INTERNATIONAL LIMITED",PLL,"Commercial Services & Supplies"
"PORT BOUVARD LIMITED",PBD,"Real Estate"
"PORT DOUGLAS REEF RESORTS LIMITED",PDR,"Hotels Restaurants & Leisure"
"PORTMAN LIMITED",PMM,"Materials"
"POWERISE TECHNOLOGY LIMITED",PTC,"Materials"
"POWERLAN LIMITED",PWR,"Software & Services"
"POWERS TRUST",PWS,"Diversified Financials"
"POWERTEL LIMITED",PWT,"Telecommunication Services"
"PRACOM LIMITED",PCO,"Telecommunication Services"
"PRANA BIOTECHNOLOGY LIMITED",PBT,"Pharmaceuticals & Biotechnology"
"PRECIOUS METALS AUSTRALIA LIMITED",PMA,"Materials"
"PREMIER BIONICS LIMITED",PBI,"Health Care Equipment & Services"
"PREMIER INVESTMENTS LIMITED",PMV,"Food & Staples Retailing"
"PRESTON RESOURCES LIMITED",PSR,"Materials"
"PRIMA BIOMED LTD",PRR,"Pharmaceuticals & Biotechnology"
"PRIMARY HEALTH CARE LIMITED",PRY,"Health Care Equipment & Services"
"PRIME CREDIT PROPERTY TRUST",PRP,"Real Estate"
"PRIME INFRASTRUCTURE GROUP",PIF,"Transportation"
"PRIME RETAIL GROUP",PRX,"Real Estate"
"PRIME TELEVISION LIMITED",PRT,"Media"
"PRIMELIFE CORPORATION LIMITED",PLF,"Health Care Equipment & Services"
"PRINCIPAL OFFICE FUND",POF,"Real Estate"
"PRO MEDICUS LIMITED",PME,"Health Care Equipment & Services"
"PROGEN INDUSTRIES LIMITED.",PGL,"Pharmaceuticals & Biotechnology"
"PROGRAMMED MAINTENANCE SERVICES LIMITED",PRG,"Commercial Services & Supplies"
"PROMINA GROUP LIMITED",PMN,"Insurance"
"PROPHECY INTERNATIONAL HOLDINGS LIMITED",PRO,"Software & Services"
"PROVINCE OF BRITISH COLUMBIA",PBR,"GICS Sector Code Not Applicable"
"PRUDENTIAL INVESTMENT COMPANY OF AUSTRALIA LIMITED",PIA,"Real Estate"
"PSIRON LTD",PSX,"Pharmaceuticals & Biotechnology"
"PSIVIDA LIMITED",PSD,"Pharmaceuticals & Biotechnology"
"PUBLIC HOLDINGS (AUSTRALIA) LIMITED",PHA,"Diversified Financials"
"PUBLISHING & BROADCASTING LIMITED",PBL,"Media"
"Q MULTIMEDIUM LIMITED",QMM,"Commercial Services & Supplies"
"Q-VIS LIMITED",QVL,"Health Care Equipment & Services"
"QANTAS AIRWAYS LIMITED",QAN,"Transportation"
"QBE INSURANCE GROUP LIMITED",QBE,"Insurance"
"QED OCCTECH LIMITED",QED,"Commercial Services & Supplies"
"QMASTOR LIMITED",QML,"Software & Services"
"QPSX LIMITED",QPX,"Telecommunication Services"
"QUADRANT IRIDIUM LIMITED",QAD,"Telecommunication Services"
"QUADTEL LIMITED",QTL,"Technology Hardware & Equipment"
"QUANTUM ENERGY LIMITED",QTM,"Consumer Durables & Apparel"
"QUANTUM RESOURCES LIMITED",QUR,"Materials"
"QUEBEC",QBC,"GICS Sector Code Not Applicable"
"QUEENSLAND COTTON HOLDINGS LIMITED",QCH,"Food Beverage & Tobacco"
"QUEENSLAND ELECTRICITY COMMISSION",XQA,"GICS Sector Code Not Applicable"
"QUEENSLAND GAS COMPANY LIMITED",QGC,"Energy"
"QUEENSLAND INDUSTRY DEVELOPMENT CORPORATION",QID,"GICS Sector Code Not Applicable"
"QUEENSLAND TOURISM INDUSTRIES LIMITED",QTI,"Hotels Restaurants & Leisure"
"QUEENSLAND TREASURY CORPORATION",XQL,"GICS Sector Code Not Applicable"
"QUEST INVESTMENTS LIMITED",QST,"Diversified Financials"
"QUESTE COMMUNICATIONS LIMITED",QUE,"Telecommunication Services"
"QUIKTRAK NETWORKS LIMITED",QTK,"Commercial Services & Supplies"
"QUOIN (INT) LIMITED.",QIL,"Software & Services"
"RABINOV DIVERSIFIED PROPERTY TRUST",RAB,"Real Estate"
"RAMELIUS RESOURCES LIMITED",RMS,"Materials"
"RAMSAY HEALTH CARE LIMITED",RHC,"Health Care Equipment & Services"
"RAND MINING NL",RND,"Materials"
"RANGE RESOURCES LIMITED",RRS,"Materials"
"RANGE RIVER GOLD NL",RNG,"Materials"
"RAPTIS GROUP LIMITED",RPG,"Real Estate"
"RATTOON HOLDINGS LIMITED",RTN,"Software & Services"
"RCR TOMLINSON LIMITED",RCR,"Capital Goods"
"REALESTATE.COM.AU LIMITED",REA,"Software & Services"
"REBEL SPORT LIMITED",REB,"Retailing"
"RECKON LIMITED",RKN,"Software & Services"
"RECLAIM INDUSTRIES LIMITED",RCM,"Commercial Services & Supplies"
"RECORD INVESTMENTS LIMITED",RCD,"Diversified Financials"
"RECORD REALTY",RRT,"Real Estate"
"RECRUITERS AUSTRALIA LIMITED",RAL,"Commercial Services & Supplies"
"RED 5 LIMITED",RED,"Materials"
"RED BACK MINING NL",RBK,"Materials"
"REDFLEX HOLDINGS LIMITED",RDF,"Technology Hardware & Equipment"
"REDPORT LIMITED",RPT,"Materials"
"REECE AUSTRALIA LIMITED",REH,"Capital Goods"
"REED RESOURCES LTD",RDR,"Materials"
"REEF CASINO TRUST",RCT,"Hotels Restaurants & Leisure"
"REEFTON MINING NL",RTM,"Materials"
"REINSURANCE AUSTRALIA CORPORATION LIMITED",RAC,"Insurance"
"RELIANCE MINING LIMITED",REM,"Materials"
"RELODE LIMITED",RLD,"Materials"
"RENEWABLE ENERGY CORPORATION LIMITED",REL,"Commercial Services & Supplies"
"RENISON CONSOLIDATED MINES NL",RSN,"Materials"
"REPCO LIMITED",REP,"GICS Sector Code Not Applicable"
"REPCOL LIMITED",RPC,"Commercial Services & Supplies"
"RESMED INC",RMD,"Health Care Equipment & Services"
"RESOLUTE MINING LIMITED",RSG,"Materials"
"RESOURCE MINING CORPORATION LIMITED",RMI,"Materials"
"RETAIL TECHNOLOGY & SERVICES LIMITED",RTS,"Software & Services"
"REVESCO GROUP LIMITED",RGL,"Materials"
"REYNOLDS WINES LIMITED",RYW,"Food Beverage & Tobacco"
"RG CAPITAL RADIO LIMITED",REG,"Media"
"RIB LOC GROUP LIMITED",RBL,"Materials"
"RICHFIELD GROUP LIMITED",RCH,"Technology Hardware & Equipment"
"RIDLEY CORPORATION LIMITED",RIC,"Food Beverage & Tobacco"
"RIMCAPITAL LIMITED",RMC,"Diversified Financials"
"RIMFIRE PACIFIC MINING NL",RIM,"Materials"
"RINKER GROUP LIMITED",RIN,"Materials"
"RIO TINTO LIMITED",RIO,"Materials"
"RIVKIN FINANCIAL SERVICES LIMITED",RFS,"Diversified Financials"
"RM WILLIAMS HOLDINGS LIMITED",RMW,"Retailing"
"RMG LIMITED",RMG,"Commercial Services & Supplies"
"ROBERTS LIMITED",RBS,"Commercial Services & Supplies"
"ROC OIL COMPANY LIMITED",ROC,"Energy"
"ROCK BUILDING SOCIETY LIMITED (THE)",ROK,"Banks"
"ROMA PETROLEUM NL",RPM,"Energy"
"RONIN PROPERTY GROUP",RPH,"Real Estate"
"RP DATA LIMITED",RPD,"Software & Services"
"RURAL PRESS LIMITED",RUP,"Media"
"RURALCO HOLDINGS LIMITED",RHL,"Retailing"
"RUSINA MINING LTD",RML,"Materials"
"RUSKIN INDUSTRIES LIMITED.",RUS,"Materials"
"S.S.H. MEDICAL LIMITED",SSH,"Health Care Equipment & Services"
"S8 LIMITED",SEL,"Real Estate"
"SABINA CORPORATION LIMITED",SAP,"Real Estate"
"SABRE RESOURCES LIMITED",SBR,"Materials"
"SAFE EFFECT TECHNOLOGIES LIMITED",SAF,"Automobile & Components"
"SALLY MALAY MINING LIMITED",SMY,"Materials"
"SALMAT LIMITED",SLM,"Commercial Services & Supplies"
"SALOMON SMITH BARNEY AUSTRALIA FINANCIAL PRODUCTS LIMITED",SSB,"GICS Sector Code Not Applicable"
"SAM'S SEAFOOD HOLDINGS LIMITED",SSS,"Hotels Restaurants & Leisure"
"SAMSON EXPLORATION NL",SSN,"Materials"
"SANTOS LIMITED",STO,"Energy"
"SARACEN MINERAL HOLDINGS LIMITED",SAR,"Materials"
"SCANTECH LIMITED",SCD,"Technology Hardware & Equipment"
"SCHAFFER CORPORATION LIMITED",SFC,"Automobile & Components"
"SCIGEN LIMITED",SIE,"Pharmaceuticals & Biotechnology"
"SCOTTISH POWER UK PLC",SCK,"GICS Sector Code Not Applicable"
"SDI LIMITED",SDI,"Health Care Equipment & Services"
"SDS CORPORATION LIMITED",SDS,"Capital Goods"
"SECURENET LIMITED",SNX,"Software & Services"
"SEDIMENTARY HOLDINGS LIMITED",SED,"Materials"
"SELECT HARVESTS LIMITED",SHV,"Food Beverage & Tobacco"
"SELECT VACCINES LIMITED",SLT,"Pharmaceuticals & Biotechnology"
"SELWYN MINES LIMITED",SLN,"Materials"
"SENETAS CORPORATION LIMITED",SEN,"Software & Services"
"SERVCORP LIMITED",SRV,"Real Estate"
"SERVICEPOINT LIMITED",SVP,"Software & Services"
"SEVEN NETWORK LIMITED",SEV,"Media"
"SFE CORPORATION LIMITED",SFE,"Diversified Financials"
"SIBERIA MINING CORPORATION LIMITED",SIB,"Materials"
"SIETEL LIMITED",SSL,"Real Estate"
"SIGMA COMPANY LIMITED.",SIG,"Health Care Equipment & Services"
"SILEX SYSTEMS LIMITED",SLX,"Semiconductors & Semiconductor Equipment"
"SIMON GILBERT WINES LIMITED",SGV,"Food Beverage & Tobacco"
"SIMS GROUP LIMITED",SMS,"Materials"
"SINGAPORE TELECOMMUNICATIONS LIMITED.",SGT,"Telecommunication Services"
"SINO GOLD LIMITED",SGX,"Materials"
"SINO SECURITIES INTERNATIONAL LIMITED",SSI,"Diversified Financials"
"SIPA RESOURCES INTERNATIONAL NL",SRI,"Materials"
"SIRIUS TELECOMMUNICATIONS LIMITED",SIU,"Telecommunication Services"
"SIRTEX MEDICAL LIMITED",SRX,"Pharmaceuticals & Biotechnology"
"SKILLED ENGINEERING LIMITED",SKE,"Commercial Services & Supplies"
"SKY CITY ENTERTAINMENT GROUP LIMITED.",SKC,"Hotels Restaurants & Leisure"
"SKY NETWORK TELEVISION LIMITED",SNT,"Media"
"SKYDOME HOLDINGS LIMITED",SKY,"Capital Goods"
"SKYNETGLOBAL LIMITED",SKG,"Software & Services"
"SMARTTRANS HOLDINGS LTD",SMA,"Software & Services"
"SMC GOLD LIMITED",SMO,"Materials"
"SMORGON STEEL GROUP LIMITED.",SSX,"Materials"
"SMS MANAGEMENT & TECHNOLOGY LIMITED.",SMX,"Software & Services"
"SNOWBALL GROUP LIMITED",SNO,"Diversified Financials"
"SO NATURAL FOODS AUSTRALIA LIMITED",SNF,"Food Beverage & Tobacco"
"SOFTLAW CORPORATION LIMITED",SLC,"Software & Services"
"SOFTWARE COMMUNICATION GROUP LIMITED",SOF,"Software & Services"
"SOLAGRAN LIMITED",SLA,"Pharmaceuticals & Biotechnology"
"SOLAR ENERGY SYSTEMS LTD",SES,"Utilities"
"SOLBEC PHARMACEUTICALS LIMITED",SBP,"Pharmaceuticals & Biotechnology"
"SOLUTION 6 HOLDINGS LIMITED",SOH,"Software & Services"
"SONIC HEALTHCARE LIMITED",SHL,"Health Care Equipment & Services"
"SONS OF GWALIA LIMITED",SGW,"Materials"
"SOUTH AUSTRALIAN GOVERNMENT FINANCING AUTHORITY",XSG,"GICS Sector Code Not Applicable"
"SOUTH BOULDER MINES LIMITED",STB,"Classification Pending"
"SOUTHCORP LIMITED",SRP,"Food Beverage & Tobacco"
"SOUTHERN CROSS BROADCASTING (AUSTRALIA) LIMITED",SBC,"Media"
"SOUTHERN CROSS EXPLORATION NL",SCX,"Materials"
"SOUTHERN CROSS FLIERS TRUST",SCF,"GICS Sector Code Not Applicable"
"SOUTHERN EQUITY HOLDINGS LIMITED",SEQ,"Diversified Financials"
"SOUTHERN PACIFIC PETROLEUM NL",SPP,"Energy"
"SOUTHERN STAR GROUP LIMITED",SSR,"Media"
"SOUTHERN TITANIUM NL",STN,"Materials"
"SOUTHPOINTE LIMITED",SOU,"Telecommunication Services"
"SP TELECOMMUNICATIONS LIMITED",SOT,"Telecommunication Services"
"SPC ARDMONA LIMITED",SPC,"Food Beverage & Tobacco"
"SPHERE INVESTMENTS LIMITED",SPH,"Automobile & Components"
"SPIKE NETWORKS LIMITED",SPK,"Software & Services"
"SPINIFEX GOLD LIMITED",SPX,"Materials"
"SPOTLESS GROUP LIMITED",SPT,"Commercial Services & Supplies"
"ST BARBARA MINES LIMITED",SBM,"Materials"
"ST FRANCIS GROUP LIMITED",SFG,"Materials"
"ST GEORGE BANK LIMITED",SGB,"Banks"
"ST SYNERGY LIMITED",SYN,"Software & Services"
"STADIUM AUSTRALIA GROUP",SAX,"Hotels Restaurants & Leisure"
"STARGAMES LIMITED",SGS,"Hotels Restaurants & Leisure"
"STARPHARMA POOLED DEVELOPMENT LIMITED",SPL,"Pharmaceuticals & Biotechnology"
"STARTRACK COMMUNICATIONS LIMITED",SRT,"Telecommunication Services"
"STEAMSHIPS TRADING COMPANY LIMITED",SST,"Capital Goods"
"STERICORP LIMITED",STP,"Commercial Services & Supplies"
"STOCKFORD LIMITED",SKD,"Commercial Services & Supplies"
"STOCKLAND",SGP,"Real Estate"
"STOKES (AUSTRALASIA) LIMITED",SKS,"Capital Goods"
"STRAITS RESOURCES LIMITED",SRL,"Materials"
"STRARCH INTERNATIONAL LIMITED",STH,"Capital Goods"
"STRATA MINING CORPORATION LIMITED",STT,"Materials"
"STRATATEL LIMITED",STE,"Telecommunication Services"
"STRATEGIC MINERALS CORPORATION NL",SMC,"Materials"
"STRATEGIC POOLED DEVELOPMENT LIMITED",SPD,"Diversified Financials"
"STRATHFIELD GROUP LIMITED",SRA,"Retailing"
"STREETTRACKS S&P/ASX 200 FUND",STW,"GICS Sector Code Not Applicable"
"STREETTRACKS S&P/ASX 200 LISTED PROPERTY FUND.",SLF,"GICS Sector Code Not Applicable"
"STREETTRACKS S&P/ASX 50 FUND",SFY,"GICS Sector Code Not Applicable"
"STRIKER RESOURCES NL",SKR,"Materials"
"STRUCTURAL SYSTEMS LIMITED",STS,"Capital Goods"
"STUART PETROLEUM LIMITED",STU,"Energy"
"STW COMMUNICATIONS GROUP LIMITED",SGN,"Media"
"SUB-SAHARA RESOURCES NL",SBS,"Materials"
"SUMMIT RESOURCES LIMITED",SMM,"Energy"
"SUN CAPITAL GROUP LIMITED",SEE,"Diversified Financials"
"SUN RESOURCES NL",SUR,"Energy"
"SUNBASE CHINA LIMITED",SUB,"Materials"
"SUNCORP-METWAY LIMITED.",SUN,"Diversified Financials"
"SUNDOWNER GROUP",SDR,"Hotels Restaurants & Leisure"
"SUNLAND GROUP LIMITED",SDG,"Real Estate"
"SUNRAYSIA TELEVISION LIMITED",STV,"Media"
"SUNSHINE GAS LIMITED",SHG,"Energy"
"SUNTECH ENVIRONMENTAL GROUP LIMITED",SCE,"Materials"
"SUNVEST CORPORATION LIMITED",SVS,"Diversified Financials"
"SUPERSORB ENVIRONMENTAL NL",SUP,"Commercial Services & Supplies"
"SUPPLY NETWORK LIMITED",SNL,"Automobile & Components"
"SWIFTEL LIMITED",SWT,"Telecommunication Services"
"SWISH GROUP LIMITED (THE)",SWG,"Commercial Services & Supplies"
"SYDNEY AQUARIUM LIMITED",SAQ,"Hotels Restaurants & Leisure"
"SYDNEY GAS LTD",SGL,"Energy"
"SYDNEY WATER CORPORATION LIMITED",XNE,"GICS Sector Code Not Applicable"
"SYLVANIA RESOURCES LIMITED",SLV,"Materials"
"SYLVASTATE LIMITED",SYL,"Diversified Financials"
"SYMEX HOLDINGS LIMITED",SYM,"Materials"
"SYNERGY EQUITIES GROUP LIMITED",SYG,"Software & Services"
"SYNERGY METALS LTD",SML,"Materials"
"SYNTECH GROUP LIMITED",STL,"Technology Hardware & Equipment"
"TAB LIMITED",TAB,"Hotels Restaurants & Leisure"
"TABCORP HOLDINGS LIMITED",TAH,"Hotels Restaurants & Leisure"
"TAG PACIFIC LIMITED",TAG,"Capital Goods"
"TAIPAN RESOURCES NL",TAI,"Materials"
"TAKORADI LIMITED",TKG,"Materials"
"TAMAWOOD LIMITED",TWD,"Consumer Durables & Apparel"
"TANAMI GOLD NL",TAM,"Materials"
"TANDOU LIMITED",TAN,"Food Beverage & Tobacco"
"TANTALUM AUSTRALIA NL",TAA,"Materials"
"TAP OIL LIMITED",TAP,"Energy"
"TASGOLD LIMITED",TGD,"Materials"
"TASMAN RESOURCES NL",TAS,"Materials"
"TASMANIA MINES LIMITED",TMM,"Materials"
"TASMANIAN PERPETUAL TRUSTEES LIMITED",TPX,"Diversified Financials"
"TASSAL LIMITED",TSS,"Food Beverage & Tobacco"
"TAT HONG HOLDINGS LIMITED",TAT,"Commercial Services & Supplies"
"TAWANA RESOURCES NL",TAW,"Materials"
"TECHNOLOGY INCUBATION GROUP LIMITED",TIL,"Software & Services"
"TECHNOLOGY INVESTMENT FUND",TIF,"Diversified Financials"
"TECHNOLOGY ONE LIMITED",TNE,"Software & Services"
"TECHSTAR LIMITED",TSR,"Diversified Financials"
"TECTONIC RESOURCES NL",TTR,"Materials"
"TELE-IP LIMITED",TEE,"Telecommunication Services"
"TELECOM CORPORATION OF NEW ZEALAND LIMITED",TEL,"Telecommunication Services"
"TELEMEDIA NETWORKS INTERNATIONAL LIMITED",TMN,"Technology Hardware & Equipment"
"TELEVISION & MEDIA SERVICES LIMITED",TMS,"Media"
"TELEZON LIMITED",TLZ,"Technology Hardware & Equipment"
"TELSTRA CORPORATION LIMITED.",TLS,"Telecommunication Services"
"TEMPLETON GLOBAL GROWTH FUND LIMITED",TGG,"Diversified Financials"
"TEMPO SERVICES LIMITED",TEM,"Commercial Services & Supplies"
"TEN NETWORK HOLDINGS LIMITED",TEN,"Media"
"TENNYSON NETWORKS LIMITED",TNY,"Technology Hardware & Equipment"
"TERRAIN AUSTRALIA LIMITED",TER,"Diversified Financials"
"TERRAPLANET LIMITED",TPL,"Media"
"TEXT MEDIA GROUP LIMITED (THE)",TXT,"Media"
"THAKRAL HOLDINGS GROUP",THG,"Real Estate"
"THIN TECHNOLOGIES LIMITED",TTL,"Software & Services"
"THUNDELARRA EXPLORATION LIMITED",THX,"Materials"
"TICOR LIMITED",TOR,"Materials"
"TIGER RESOURCES LIMITED",TGS,"Materials"
"TIMBERCORP LIMITED",TIM,"Materials"
"TITAN RESOURCES NL",TIR,"Materials"
"TOLHURST NOALL GROUP LTD",TNL,"Diversified Financials"
"TOLL HOLDINGS LIMITED",TOL,"Transportation"
"TOMATO TECHNOLOGIES LIMITED",TMO,"Software & Services"
"TONY BARLOW AUSTRALIA LIMITED",BWT,"Retailing"
"TOOTH & COMPANY LIMITED",TTH,"Diversified Financials"
"TORONTO DOMINION AUSTRALIA LIMITED",TDA,"GICS Sector Code Not Applicable"
"TORONTO-DOMINION BANK (THE)",TDB,"GICS Sector Code Not Applicable"
"TOURISM & LEISURE TRUST",TLT,"Real Estate"
"TOWER LIMITED",TWR,"Insurance"
"TOX FREE SOLUTIONS LIMITED",TOX,"Commercial Services & Supplies"
"TRANSFIELD SERVICES LIMITED",TSE,"Commercial Services & Supplies"
"TRANSMETRO CORPORATION LIMITED",TCO,"Hotels Restaurants & Leisure"
"TRANSOL CORPORATION LIMITED",TNC,"Media"
"TRANSURBAN CARS TRUST",TCS,"Transportation"
"TRANSURBAN GROUP",TCL,"Transportation"
"TRANZACT FINANCIAL SERVICES LIMITED",TFS,"Diversified Financials"
"TRAVEL HOLDINGS LIMITED",TRV,"Pharmaceuticals & Biotechnology"
"TRAVEL.COM.AU LIMITED",TVL,"Hotels Restaurants & Leisure"
"TREASURY CORPORATION OF VICTORIA",XVG,"GICS Sector Code Not Applicable"
"TREASURY GROUP LIMITED",TRG,"Diversified Financials"
"TRENT CAPITAL LIMITED",TCP,"Diversified Financials"
"TRIAKO RESOURCES LIMITED",TKR,"Materials"
"TRIBECA CORPORATION LIMITED.",TBC,"Commercial Services & Supplies"
"TRIBUNE RESOURCES NL",TBR,"Materials"
"TROY RESOURCES NL",TRY,"Materials"
"TRUST COMPANY OF AUSTRALIA LIMITED",TRU,"Diversified Financials"
"TRYSOFT CORPORATION LIMITED",TST,"Software & Services"
"TVSN LIMITED",TVN,"Retailing"
"UECOMM LIMITED",UEC,"Telecommunication Services"
"UNION CAPITAL LIMITED",UCL,"Diversified Financials"
"UNITAB LIMITED",UTB,"Hotels Restaurants & Leisure"
"UNITED GROUP LIMITED.",UGL,"Capital Goods"
"UNITED OVERSEAS AUSTRALIA LIMITED",UOS,"Real Estate"
"UNITRACT LIMITED",UNI,"Health Care Equipment & Services"
"UNIVERSAL RESOURCES LIMITED",URL,"Materials"
"US MASTERS HOLDINGS LIMITED",USH,"GICS Sector Code Not Applicable"
"UXC LIMITED",UXC,"Software & Services"
"VALAD PROPERTY GROUP",VPG,"Real Estate"
"VEALLS LIMITED",VEL,"Real Estate"
"VECOMMERCE LIMITED",VCM,"Software & Services"
"VENTRACOR LIMITED",VCR,"Health Care Equipment & Services"
"VERUS INVESTMENTS LIMITED",VIL,"Diversified Financials"
"VIAGOLD CAPITAL LIMITED",VIA,"Hotels Restaurants & Leisure"
"VICTORIA PETROLEUM NL",VPE,"Energy"
"VICULUS LIMITED",VCL,"Software & Services"
"VIETNAM INDUSTRIAL INVESTMENTS LIMITED",VII,"Materials"
"VIEW RESOURCES LTD",VRE,"Materials"
"VIKING INDUSTRIES LIMITED",VKI,"Commercial Services & Supplies"
"VILLA WORLD LIMITED",VWD,"Real Estate"
"VILLAGE ROADSHOW LIMITED",VRL,"Media"
"VIRAX HOLDINGS LIMITED",VHL,"Pharmaceuticals & Biotechnology"
"VIROTEC INTERNATIONAL LIMITED",VTI,"Commercial Services & Supplies"
"VISION SYSTEMS LIMITED.",VSL,"Technology Hardware & Equipment"
"VITAL CAPITAL LIMITED",VIT,"Diversified Financials"
"VOLANTE GROUP LIMITED",VGL,"Software & Services"
"VOXSON LIMITED",VXS,"Technology Hardware & Equipment"
"VOYAGER ENERGY LIMITED",VOY,"Energy"
"VRI BIOMEDICAL LTD",VRI,"Pharmaceuticals & Biotechnology"
"VULCAN RESOURCES LIMITED",VCN,"Materials"
"WADEPACK LIMITED",WDP,"Commercial Services & Supplies"
"WALLACE ABSOLUTE RETURN LIMITED",WAB,"Diversified Financials"
"WAM CAPITAL LIMITED",WAM,"Diversified Financials"
"WAREHOUSE GROUP LIMITED (THE)",WHS,"Retailing"
"WASHINGTON H SOUL PATTINSON & COMPANY LIMITED",SOL,"Diversified Financials"
"WASTE MANAGEMENT N.Z. LIMITED",WNZ,"Commercial Services & Supplies"
"WATER WHEEL HOLDINGS LIMITED",WWH,"Food Beverage & Tobacco"
"WATERCO LIMITED",WAT,"Consumer Durables & Apparel"
"WATPAC LIMITED",WTP,"Capital Goods"
"WATTYL LIMITED",WYL,"Materials"
"WAVE CAPITAL LIMITED",WAV,"Media"
"WAVENET INTERNATIONAL LIMITED",WAL,"Technology Hardware & Equipment"
"WC PENFOLD LIMITED",PFP,"Commercial Services & Supplies"
"WEBJET LIMITED",WEB,"Hotels Restaurants & Leisure"
"WEBOZ LIMITED",WBZ,"Software & Services"
"WEBSPY LIMITED",WSY,"Software & Services"
"WEBSTER LIMITED",WBA,"Commercial Services & Supplies"
"WEDGETAIL EXPLORATION NL",WTE,"Materials"
"WENTWORTH MUTUAL LIMITED",WWM,"Commercial Services & Supplies"
"WESFARMERS LIMITED",WES,"Capital Goods"
"WEST AUSTRALIAN METALS LTD",WME,"Materials"
"WEST AUSTRALIAN NEWSPAPERS HOLDINGS LIMITED",WAN,"Media"
"WEST OIL NL",WON,"Energy"
"WESTEL GROUP LIMITED",WSG,"Telecommunication Services"
"WESTERN AREAS NL",WSA,"Materials"
"WESTERN AUSTRALIAN TREASURY CORPORATION",XWD,"GICS Sector Code Not Applicable"
"WESTERN METALS LIMITED",WMT,"Materials"
"WESTFIELD AMERICA TRUST",WFA,"Real Estate"
"WESTFIELD HOLDINGS LIMITED",WSF,"Real Estate"
"WESTFIELD TRUST",WFT,"Real Estate"
"WESTGOLD RESOURCES NL",WGR,"Materials"
"WESTMAG LIMITED",WMG,"Materials"
"WESTONIA MINES LIMITED",WEZ,"Materials"
"WESTPAC BANKING CORPORATION",WBC,"Banks"
"WESTPAC FIRST TRUST",WBK,"Diversified Financials"
"WESTPAC OFFICE TRUST",WOT,"Real Estate"
"WESTRALIA PROPERTY TRUST",WST,"Real Estate"
"WHITEFIELD LIMITED",WHF,"Diversified Financials"
"WHTM ASSET MANAGEMENT LIMITED",WHT,"GICS Sector Code Not Applicable"
"WIDE BAY CAPRICORN BUILDING SOCIETY LIMITED",WBB,"Banks"
"WILLMOTT FORESTS LIMITED",WFL,"Materials"
"WILSON INVESTMENT FUND LIMITED",WIL,"Diversified Financials"
"WILSON INVESTMENTS TAURINE FUND LIMITED",WIT,"Diversified Financials"
"WINE INVESTMENT FUND LIMITED",WIF,"GICS Sector Code Not Applicable"
"WINEPROS LIMITED",WPO,"Media"
"WMC RESOURCES LIMITED",WMR,"Materials"
"WOODSIDE PETROLEUM LIMITED",WPL,"Energy"
"WOOLWORTHS LIMITED",WOW,"Food & Staples Retailing"
"WORKING SYSTEMS SOLUTIONS LIMITED",WSS,"Software & Services"
"WORLD.NET SERVICES LIMITED",WNS,"Software & Services"
"WORLDAUDIO LIMITED",WAG,"Media"
"WORLEY GROUP LIMITED",WOR,"Energy"
"WRF SECURITIES LIMITED",WRF,"Real Estate"
"WRIDGWAYS AUSTRALIA LIMITED",WWA,"Transportation"
"XANADU WINES LIMITED",XAN,"Food Beverage & Tobacco"
"XCELL DIAGNOSTICS LIMITED",XEL,"Pharmaceuticals & Biotechnology"
"XENOLITH GOLD LIMITED",XEN,"Materials"
"YAMARNA GOLDFIELDS LIMITED",YAM,"Materials"
"YATES LIMITED",YTL,"Food Beverage & Tobacco"
"YIELD STRATEGIES FUND (THE)",YSF,"GICS Sector Code Not Applicable"
"YILGARN GOLD LIMITED",YGL,"Materials"
"YORK GROUP LIMITED",YSL,"Capital Goods"
"ZEOLITE AUSTRALIA LIMITED",ZEL,"Materials"
"ZICOM AUSTRALIA LIMITED",ZAL,"Capital Goods"
"ZIMBABWE PLATINUM MINES LIMITED",ZIM,"Materials"
"ZYLOTECH LIMITED",ZYL,"Technology Hardware & Equipment"
